-- phpMyAdmin SQL Dump
-- version 5.2.1
-- https://www.phpmyadmin.net/
--
-- Host: 127.0.0.1
-- Generation Time: Aug 14, 2024 at 11:08 AM
-- Server version: 10.4.32-MariaDB
-- PHP Version: 8.0.30

SET SQL_MODE = "NO_AUTO_VALUE_ON_ZERO";
START TRANSACTION;
SET time_zone = "+00:00";


/*!40101 SET @OLD_CHARACTER_SET_CLIENT=@@CHARACTER_SET_CLIENT */;
/*!40101 SET @OLD_CHARACTER_SET_RESULTS=@@CHARACTER_SET_RESULTS */;
/*!40101 SET @OLD_COLLATION_CONNECTION=@@COLLATION_CONNECTION */;
/*!40101 SET NAMES utf8mb4 */;

--
-- Database: `laravel`
--

-- --------------------------------------------------------

--
-- Table structure for table `admin_menu`
--

CREATE TABLE `admin_menu` (
  `id` int(10) UNSIGNED NOT NULL,
  `parent_id` int(11) NOT NULL DEFAULT 0,
  `order` int(11) NOT NULL DEFAULT 0,
  `title` varchar(50) NOT NULL,
  `icon` varchar(50) NOT NULL,
  `uri` varchar(255) DEFAULT NULL,
  `permission` varchar(255) DEFAULT NULL,
  `created_at` timestamp NULL DEFAULT NULL,
  `updated_at` timestamp NULL DEFAULT NULL
) ENGINE=InnoDB DEFAULT CHARSET=utf8mb4 COLLATE=utf8mb4_unicode_ci;

--
-- Dumping data for table `admin_menu`
--

INSERT INTO `admin_menu` (`id`, `parent_id`, `order`, `title`, `icon`, `uri`, `permission`, `created_at`, `updated_at`) VALUES
(1, 0, 1, 'Dashboard', 'fa-bar-chart', '/', NULL, NULL, NULL),
(2, 0, 2, 'Admin', 'fa-tasks', '', NULL, NULL, NULL),
(3, 2, 3, 'Users', 'fa-users', 'auth/users', NULL, NULL, NULL),
(4, 2, 4, 'Roles', 'fa-user', 'auth/roles', NULL, NULL, NULL),
(5, 2, 5, 'Permission', 'fa-ban', 'auth/permissions', NULL, NULL, NULL),
(6, 2, 6, 'Menu', 'fa-bars', 'auth/menu', NULL, NULL, NULL),
(7, 2, 7, 'Operation log', 'fa-history', 'auth/logs', NULL, NULL, NULL),
(8, 0, 0, '/car', 'fa-bars', '/car', '*', '2024-08-14 05:53:31', '2024-08-14 05:53:31');

-- --------------------------------------------------------

--
-- Table structure for table `admin_operation_log`
--

CREATE TABLE `admin_operation_log` (
  `id` int(10) UNSIGNED NOT NULL,
  `user_id` int(11) NOT NULL,
  `path` varchar(255) NOT NULL,
  `method` varchar(10) NOT NULL,
  `ip` varchar(255) NOT NULL,
  `input` text NOT NULL,
  `created_at` timestamp NULL DEFAULT NULL,
  `updated_at` timestamp NULL DEFAULT NULL
) ENGINE=InnoDB DEFAULT CHARSET=utf8mb4 COLLATE=utf8mb4_unicode_ci;

--
-- Dumping data for table `admin_operation_log`
--

INSERT INTO `admin_operation_log` (`id`, `user_id`, `path`, `method`, `ip`, `input`, `created_at`, `updated_at`) VALUES
(1, 1, 'admin', 'GET', '127.0.0.1', '[]', '2024-08-14 05:50:27', '2024-08-14 05:50:27'),
(2, 1, 'admin', 'GET', '127.0.0.1', '{\"_pjax\":\"#pjax-container\"}', '2024-08-14 05:53:03', '2024-08-14 05:53:03'),
(3, 1, 'admin/auth/roles', 'GET', '127.0.0.1', '{\"_pjax\":\"#pjax-container\"}', '2024-08-14 05:53:04', '2024-08-14 05:53:04'),
(4, 1, 'admin', 'GET', '127.0.0.1', '{\"_pjax\":\"#pjax-container\"}', '2024-08-14 05:53:09', '2024-08-14 05:53:09'),
(5, 1, 'admin/auth/menu', 'GET', '127.0.0.1', '{\"_pjax\":\"#pjax-container\"}', '2024-08-14 05:53:15', '2024-08-14 05:53:15'),
(6, 1, 'admin/auth/menu', 'POST', '127.0.0.1', '{\"parent_id\":\"0\",\"title\":\"\\/car\",\"icon\":\"fa-bars\",\"uri\":\"\\/car\",\"roles\":[\"1\",null],\"permission\":\"*\",\"_token\":\"O2QKONtuz17aMPjR2F65JwuupoOF8EULC3NiY8mb\"}', '2024-08-14 05:53:31', '2024-08-14 05:53:31'),
(7, 1, 'admin/auth/menu', 'GET', '127.0.0.1', '[]', '2024-08-14 05:53:31', '2024-08-14 05:53:31'),
(8, 1, 'admin/car', 'GET', '127.0.0.1', '[]', '2024-08-14 05:53:49', '2024-08-14 05:53:49'),
(9, 1, 'admin/car', 'GET', '127.0.0.1', '[]', '2024-08-14 05:54:53', '2024-08-14 05:54:53'),
(10, 1, 'admin/car', 'GET', '127.0.0.1', '[]', '2024-08-14 05:59:25', '2024-08-14 05:59:25'),
(11, 1, 'admin/car', 'GET', '127.0.0.1', '{\"_pjax\":\"#pjax-container\"}', '2024-08-14 05:59:57', '2024-08-14 05:59:57'),
(12, 1, 'admin/auth/menu', 'GET', '127.0.0.1', '{\"_pjax\":\"#pjax-container\"}', '2024-08-14 06:00:01', '2024-08-14 06:00:01'),
(13, 1, 'admin/auth/menu', 'GET', '127.0.0.1', '[]', '2024-08-14 06:04:16', '2024-08-14 06:04:16');

-- --------------------------------------------------------

--
-- Table structure for table `admin_permissions`
--

CREATE TABLE `admin_permissions` (
  `id` int(10) UNSIGNED NOT NULL,
  `name` varchar(50) NOT NULL,
  `slug` varchar(50) NOT NULL,
  `http_method` varchar(255) DEFAULT NULL,
  `http_path` text DEFAULT NULL,
  `created_at` timestamp NULL DEFAULT NULL,
  `updated_at` timestamp NULL DEFAULT NULL
) ENGINE=InnoDB DEFAULT CHARSET=utf8mb4 COLLATE=utf8mb4_unicode_ci;

--
-- Dumping data for table `admin_permissions`
--

INSERT INTO `admin_permissions` (`id`, `name`, `slug`, `http_method`, `http_path`, `created_at`, `updated_at`) VALUES
(1, 'All permission', '*', '', '*', NULL, NULL),
(2, 'Dashboard', 'dashboard', 'GET', '/', NULL, NULL),
(3, 'Login', 'auth.login', '', '/auth/login\r\n/auth/logout', NULL, NULL),
(4, 'User setting', 'auth.setting', 'GET,PUT', '/auth/setting', NULL, NULL),
(5, 'Auth management', 'auth.management', '', '/auth/roles\r\n/auth/permissions\r\n/auth/menu\r\n/auth/logs', NULL, NULL);

-- --------------------------------------------------------

--
-- Table structure for table `admin_roles`
--

CREATE TABLE `admin_roles` (
  `id` int(10) UNSIGNED NOT NULL,
  `name` varchar(50) NOT NULL,
  `slug` varchar(50) NOT NULL,
  `created_at` timestamp NULL DEFAULT NULL,
  `updated_at` timestamp NULL DEFAULT NULL
) ENGINE=InnoDB DEFAULT CHARSET=utf8mb4 COLLATE=utf8mb4_unicode_ci;

--
-- Dumping data for table `admin_roles`
--

INSERT INTO `admin_roles` (`id`, `name`, `slug`, `created_at`, `updated_at`) VALUES
(1, 'Administrator', 'administrator', '2024-08-14 05:49:47', '2024-08-14 05:49:47');

-- --------------------------------------------------------

--
-- Table structure for table `admin_role_menu`
--

CREATE TABLE `admin_role_menu` (
  `role_id` int(11) NOT NULL,
  `menu_id` int(11) NOT NULL,
  `created_at` timestamp NULL DEFAULT NULL,
  `updated_at` timestamp NULL DEFAULT NULL
) ENGINE=InnoDB DEFAULT CHARSET=utf8mb4 COLLATE=utf8mb4_unicode_ci;

--
-- Dumping data for table `admin_role_menu`
--

INSERT INTO `admin_role_menu` (`role_id`, `menu_id`, `created_at`, `updated_at`) VALUES
(1, 2, NULL, NULL),
(1, 8, NULL, NULL);

-- --------------------------------------------------------

--
-- Table structure for table `admin_role_permissions`
--

CREATE TABLE `admin_role_permissions` (
  `role_id` int(11) NOT NULL,
  `permission_id` int(11) NOT NULL,
  `created_at` timestamp NULL DEFAULT NULL,
  `updated_at` timestamp NULL DEFAULT NULL
) ENGINE=InnoDB DEFAULT CHARSET=utf8mb4 COLLATE=utf8mb4_unicode_ci;

--
-- Dumping data for table `admin_role_permissions`
--

INSERT INTO `admin_role_permissions` (`role_id`, `permission_id`, `created_at`, `updated_at`) VALUES
(1, 1, NULL, NULL);

-- --------------------------------------------------------

--
-- Table structure for table `admin_role_users`
--

CREATE TABLE `admin_role_users` (
  `role_id` int(11) NOT NULL,
  `user_id` int(11) NOT NULL,
  `created_at` timestamp NULL DEFAULT NULL,
  `updated_at` timestamp NULL DEFAULT NULL
) ENGINE=InnoDB DEFAULT CHARSET=utf8mb4 COLLATE=utf8mb4_unicode_ci;

--
-- Dumping data for table `admin_role_users`
--

INSERT INTO `admin_role_users` (`role_id`, `user_id`, `created_at`, `updated_at`) VALUES
(1, 1, NULL, NULL);

-- --------------------------------------------------------

--
-- Table structure for table `admin_users`
--

CREATE TABLE `admin_users` (
  `id` int(10) UNSIGNED NOT NULL,
  `username` varchar(190) NOT NULL,
  `password` varchar(60) NOT NULL,
  `name` varchar(255) NOT NULL,
  `avatar` varchar(255) DEFAULT NULL,
  `remember_token` varchar(100) DEFAULT NULL,
  `created_at` timestamp NULL DEFAULT NULL,
  `updated_at` timestamp NULL DEFAULT NULL
) ENGINE=InnoDB DEFAULT CHARSET=utf8mb4 COLLATE=utf8mb4_unicode_ci;

--
-- Dumping data for table `admin_users`
--

INSERT INTO `admin_users` (`id`, `username`, `password`, `name`, `avatar`, `remember_token`, `created_at`, `updated_at`) VALUES
(1, 'admin', '$2y$10$avhSnv5dfzhV.hm6xsAOXuqZl1xas4ST.0.3q9Dz/ZoSetFsYkq2W', 'Administrator', NULL, 'N91TduYUmeEFakBALtpuHiLAXCqGmbQfEIA779qBV4XYDkjnJ1iEfFxvd9I3', '2024-08-14 05:49:47', '2024-08-14 05:49:47');

-- --------------------------------------------------------

--
-- Table structure for table `admin_user_permissions`
--

CREATE TABLE `admin_user_permissions` (
  `user_id` int(11) NOT NULL,
  `permission_id` int(11) NOT NULL,
  `created_at` timestamp NULL DEFAULT NULL,
  `updated_at` timestamp NULL DEFAULT NULL
) ENGINE=InnoDB DEFAULT CHARSET=utf8mb4 COLLATE=utf8mb4_unicode_ci;

-- --------------------------------------------------------

--
-- Table structure for table `booking`
--

CREATE TABLE `booking` (
  `id` int(11) NOT NULL,
  `branch_id` int(11) DEFAULT NULL,
  `car_id` int(11) NOT NULL,
  `variant` varchar(50) DEFAULT NULL,
  `pickupDate` datetime NOT NULL,
  `returnDate` datetime NOT NULL,
  `price` decimal(10,2) NOT NULL,
  `duration` varchar(50) DEFAULT NULL,
  `pickupLocation` varchar(255) DEFAULT NULL,
  `dropoffLocation` varchar(255) DEFAULT NULL,
  `created_at` timestamp NOT NULL DEFAULT current_timestamp(),
  `updated_at` timestamp NOT NULL DEFAULT current_timestamp() ON UPDATE current_timestamp()
) ENGINE=InnoDB DEFAULT CHARSET=utf8mb4 COLLATE=utf8mb4_general_ci;

--
-- Dumping data for table `booking`
--

INSERT INTO `booking` (`id`, `branch_id`, `car_id`, `variant`, `pickupDate`, `returnDate`, `price`, `duration`, `pickupLocation`, `dropoffLocation`, `created_at`, `updated_at`) VALUES
(1, 1, 326, NULL, '2024-08-13 23:11:00', '2024-08-24 23:11:00', 935.00, '11 يوم', NULL, NULL, '2024-08-12 18:51:15', '2024-08-12 18:51:15'),
(2, 1, 326, NULL, '2024-08-13 23:11:00', '2024-08-24 23:11:00', 935.00, '11 يوم', NULL, NULL, '2024-08-12 18:56:07', '2024-08-12 18:56:07'),
(3, 1, 326, NULL, '2024-08-13 23:11:00', '2024-08-24 23:11:00', 935.00, '11 يوم', NULL, NULL, '2024-08-12 18:56:25', '2024-08-12 18:56:25'),
(4, 3, 61, NULL, '2024-08-14 01:29:00', '2024-08-24 01:29:00', 790.00, '10 يوم', NULL, NULL, '2024-08-12 19:51:50', '2024-08-12 19:51:50'),
(5, 7, 19, NULL, '2024-08-14 05:39:00', '2024-08-31 05:39:00', 595.00, '17 يوم', NULL, NULL, '2024-08-12 23:42:30', '2024-08-12 23:42:30'),
(6, 7, 19, NULL, '2024-08-14 05:39:00', '2024-08-31 05:39:00', 595.00, '17 يوم', NULL, NULL, '2024-08-12 23:51:31', '2024-08-12 23:51:31'),
(7, 4, 312, NULL, '2024-08-14 06:04:00', '2024-08-31 06:04:00', 1564.00, '17 يوم', NULL, NULL, '2024-08-13 00:09:20', '2024-08-13 00:09:20'),
(8, 4, 312, NULL, '2024-08-14 06:04:00', '2024-08-31 06:04:00', 1564.00, '17 يوم', NULL, NULL, '2024-08-13 00:16:17', '2024-08-13 00:16:17'),
(9, 13, 115, NULL, '2024-08-14 08:26:00', '2024-08-31 08:26:00', 255.00, '17 يوم', NULL, NULL, '2024-08-13 02:27:15', '2024-08-13 02:27:15'),
(10, 13, 115, NULL, '2024-08-14 08:26:00', '2024-08-31 08:26:00', 255.00, '17 يوم', NULL, NULL, '2024-08-13 02:27:26', '2024-08-13 02:27:26'),
(11, 13, 115, NULL, '2024-08-14 08:26:00', '2024-08-31 08:26:00', 255.00, '17 يوم', NULL, NULL, '2024-08-13 02:27:30', '2024-08-13 02:27:30'),
(12, 13, 115, NULL, '2024-08-14 08:26:00', '2024-08-31 08:26:00', 255.00, '17 يوم', NULL, NULL, '2024-08-13 02:27:32', '2024-08-13 02:27:32'),
(13, 13, 115, NULL, '2024-08-14 08:26:00', '2024-08-31 08:26:00', 255.00, '17 يوم', NULL, NULL, '2024-08-13 02:27:33', '2024-08-13 02:27:33'),
(14, 13, 115, NULL, '2024-08-14 08:26:00', '2024-08-31 08:26:00', 255.00, '17 يوم', NULL, NULL, '2024-08-13 02:27:35', '2024-08-13 02:27:35'),
(15, 13, 115, NULL, '2024-08-14 08:26:00', '2024-08-31 08:26:00', 255.00, '17 يوم', NULL, NULL, '2024-08-13 02:27:36', '2024-08-13 02:27:36'),
(16, 13, 115, NULL, '2024-08-14 08:26:00', '2024-08-31 08:26:00', 255.00, '17 يوم', NULL, NULL, '2024-08-13 02:27:37', '2024-08-13 02:27:37'),
(17, 13, 115, NULL, '2024-08-14 08:26:00', '2024-08-31 08:26:00', 255.00, '17 يوم', NULL, NULL, '2024-08-13 02:27:38', '2024-08-13 02:27:38'),
(18, 13, 115, NULL, '2024-08-14 08:26:00', '2024-08-31 08:26:00', 255.00, '17 يوم', NULL, NULL, '2024-08-13 02:27:38', '2024-08-13 02:27:38'),
(19, 13, 115, NULL, '2024-08-14 08:26:00', '2024-08-31 08:26:00', 255.00, '17 يوم', NULL, NULL, '2024-08-13 02:27:48', '2024-08-13 02:27:48'),
(20, 13, 115, NULL, '2024-08-14 08:26:00', '2024-08-31 08:26:00', 255.00, '17 يوم', NULL, NULL, '2024-08-13 02:27:49', '2024-08-13 02:27:49'),
(21, 13, 115, NULL, '2024-08-14 08:26:00', '2024-08-31 08:26:00', 255.00, '17 يوم', NULL, NULL, '2024-08-13 02:27:53', '2024-08-13 02:27:53'),
(22, 13, 115, NULL, '2024-08-14 08:26:00', '2024-08-31 08:26:00', 255.00, '17 يوم', NULL, NULL, '2024-08-13 02:28:02', '2024-08-13 02:28:02'),
(23, 13, 115, NULL, '2024-08-14 08:26:00', '2024-08-31 08:26:00', 255.00, '17 يوم', NULL, NULL, '2024-08-13 02:31:19', '2024-08-13 02:31:19'),
(24, 13, 115, NULL, '2024-08-14 08:26:00', '2024-08-31 08:26:00', 255.00, '17 يوم', NULL, NULL, '2024-08-13 02:31:19', '2024-08-13 02:31:19'),
(25, 13, 115, NULL, '2024-08-14 08:26:00', '2024-08-31 08:26:00', 255.00, '17 يوم', NULL, NULL, '2024-08-13 03:29:22', '2024-08-13 03:29:22'),
(26, 13, 115, NULL, '2024-08-14 08:26:00', '2024-08-31 08:26:00', 255.00, '17 يوم', NULL, NULL, '2024-08-13 03:29:24', '2024-08-13 03:29:24'),
(27, 13, 115, NULL, '2024-08-14 08:26:00', '2024-08-31 08:26:00', 255.00, '17 يوم', NULL, NULL, '2024-08-13 03:29:32', '2024-08-13 03:29:32'),
(28, 13, 115, NULL, '2024-08-14 08:26:00', '2024-08-31 08:26:00', 255.00, '17 يوم', NULL, NULL, '2024-08-13 03:32:45', '2024-08-13 03:32:45'),
(29, 13, 115, NULL, '2024-08-14 08:26:00', '2024-08-31 08:26:00', 255.00, '17 يوم', NULL, NULL, '2024-08-13 03:32:50', '2024-08-13 03:32:50'),
(30, 13, 115, NULL, '2024-08-14 08:26:00', '2024-08-31 08:26:00', 255.00, '17 يوم', NULL, NULL, '2024-08-13 03:32:51', '2024-08-13 03:32:51'),
(31, 13, 115, NULL, '2024-08-14 08:26:00', '2024-08-31 08:26:00', 255.00, '17 يوم', NULL, NULL, '2024-08-13 03:32:52', '2024-08-13 03:32:52'),
(32, 13, 115, NULL, '2024-08-14 08:26:00', '2024-08-31 08:26:00', 255.00, '17 يوم', NULL, NULL, '2024-08-13 03:32:53', '2024-08-13 03:32:53'),
(33, 13, 115, NULL, '2024-08-14 08:26:00', '2024-08-31 08:26:00', 255.00, '17 يوم', NULL, NULL, '2024-08-13 03:32:53', '2024-08-13 03:32:53'),
(34, 13, 115, NULL, '2024-08-14 08:26:00', '2024-08-31 08:26:00', 255.00, '17 يوم', NULL, NULL, '2024-08-13 03:34:27', '2024-08-13 03:34:27'),
(35, 13, 115, NULL, '2024-08-14 08:26:00', '2024-08-31 08:26:00', 255.00, '17 يوم', NULL, NULL, '2024-08-13 05:11:44', '2024-08-13 05:11:44'),
(36, 13, 115, NULL, '2024-08-14 08:26:00', '2024-08-31 08:26:00', 255.00, '17 يوم', NULL, NULL, '2024-08-13 05:12:13', '2024-08-13 05:12:13'),
(37, 2, 114, NULL, '2024-08-22 19:46:00', '2024-08-31 19:46:00', 207.00, NULL, NULL, NULL, '2024-08-13 14:01:00', '2024-08-13 14:01:00'),
(38, 3, 31, NULL, '2024-08-22 20:09:00', '2024-08-31 20:10:00', 440.00, NULL, NULL, NULL, '2024-08-13 14:10:25', '2024-08-13 14:10:25'),
(39, 3, 31, NULL, '2024-08-22 20:09:00', '2024-08-31 20:10:00', 440.00, NULL, NULL, NULL, '2024-08-13 14:10:41', '2024-08-13 14:10:41'),
(40, 3, 31, NULL, '2024-08-22 20:09:00', '2024-08-31 20:10:00', 440.00, NULL, NULL, NULL, '2024-08-13 14:13:39', '2024-08-13 14:13:39'),
(41, 3, 31, NULL, '2024-08-22 20:09:00', '2024-08-31 20:10:00', 440.00, NULL, NULL, NULL, '2024-08-13 14:13:50', '2024-08-13 14:13:50'),
(42, 3, 31, NULL, '2024-08-22 20:09:00', '2024-08-31 20:10:00', 440.00, NULL, NULL, NULL, '2024-08-13 14:14:16', '2024-08-13 14:14:16'),
(43, 3, 31, NULL, '2024-08-22 20:09:00', '2024-08-31 20:10:00', 440.00, NULL, NULL, NULL, '2024-08-13 14:14:24', '2024-08-13 14:14:24'),
(44, 3, 31, NULL, '2024-08-22 20:09:00', '2024-08-31 20:10:00', 440.00, NULL, NULL, NULL, '2024-08-13 14:14:57', '2024-08-13 14:14:57'),
(45, 3, 31, NULL, '2024-08-22 20:09:00', '2024-08-31 20:10:00', 440.00, NULL, NULL, NULL, '2024-08-13 14:17:05', '2024-08-13 14:17:05'),
(46, 3, 31, NULL, '2024-08-22 20:09:00', '2024-08-31 20:10:00', 440.00, NULL, NULL, NULL, '2024-08-13 14:22:00', '2024-08-13 14:22:00'),
(47, 3, 31, NULL, '2024-08-22 20:09:00', '2024-08-31 20:10:00', 440.00, NULL, NULL, NULL, '2024-08-13 14:53:42', '2024-08-13 14:53:42'),
(48, 3, 31, NULL, '2024-08-22 20:09:00', '2024-08-31 20:10:00', 440.00, NULL, NULL, NULL, '2024-08-13 14:53:47', '2024-08-13 14:53:47'),
(49, 3, 31, NULL, '2024-08-22 20:09:00', '2024-08-31 20:10:00', 440.00, NULL, NULL, NULL, '2024-08-13 14:54:21', '2024-08-13 14:54:21'),
(50, 3, 31, NULL, '2024-08-22 20:09:00', '2024-08-31 20:10:00', 440.00, NULL, NULL, NULL, '2024-08-13 14:54:26', '2024-08-13 14:54:26'),
(51, 3, 31, NULL, '2024-08-22 20:09:00', '2024-08-31 20:10:00', 440.00, NULL, NULL, NULL, '2024-08-13 14:54:52', '2024-08-13 14:54:52'),
(52, 3, 31, NULL, '2024-08-22 20:09:00', '2024-08-31 20:10:00', 440.00, NULL, NULL, NULL, '2024-08-13 14:59:06', '2024-08-13 14:59:06'),
(53, 4, 312, NULL, '2024-08-22 22:33:00', '2024-08-31 22:33:00', 828.00, NULL, NULL, NULL, '2024-08-13 16:34:50', '2024-08-13 16:34:50'),
(54, 4, 312, NULL, '2024-08-22 22:33:00', '2024-08-31 22:33:00', 828.00, NULL, NULL, NULL, '2024-08-13 16:53:52', '2024-08-13 16:53:52'),
(55, 4, 312, NULL, '2024-08-22 22:33:00', '2024-08-31 22:33:00', 828.00, NULL, NULL, NULL, '2024-08-13 16:55:00', '2024-08-13 16:55:00'),
(56, 4, 312, NULL, '2024-08-22 22:33:00', '2024-08-31 22:33:00', 828.00, NULL, NULL, NULL, '2024-08-13 16:55:09', '2024-08-13 16:55:09'),
(57, 4, 312, NULL, '2024-08-22 22:33:00', '2024-08-31 22:33:00', 828.00, NULL, NULL, NULL, '2024-08-13 17:59:26', '2024-08-13 17:59:26'),
(58, 4, 312, NULL, '2024-08-22 22:33:00', '2024-08-31 22:33:00', 828.00, NULL, NULL, NULL, '2024-08-13 17:59:29', '2024-08-13 17:59:29'),
(59, 4, 312, NULL, '2024-08-22 22:33:00', '2024-08-31 22:33:00', 828.00, NULL, NULL, NULL, '2024-08-13 17:59:29', '2024-08-13 17:59:29'),
(60, 4, 312, NULL, '2024-08-22 22:33:00', '2024-08-31 22:33:00', 828.00, NULL, NULL, NULL, '2024-08-13 17:59:36', '2024-08-13 17:59:36'),
(61, 4, 312, NULL, '2024-08-22 22:33:00', '2024-08-31 22:33:00', 828.00, NULL, NULL, NULL, '2024-08-13 17:59:39', '2024-08-13 17:59:39'),
(62, 4, 312, NULL, '2024-08-22 22:33:00', '2024-08-31 22:33:00', 828.00, NULL, NULL, NULL, '2024-08-13 17:59:40', '2024-08-13 17:59:40'),
(63, 4, 312, NULL, '2024-08-22 22:33:00', '2024-08-31 22:33:00', 828.00, NULL, NULL, NULL, '2024-08-13 17:59:41', '2024-08-13 17:59:41'),
(64, 4, 312, NULL, '2024-08-22 22:33:00', '2024-08-31 22:33:00', 828.00, NULL, NULL, NULL, '2024-08-13 17:59:41', '2024-08-13 17:59:41'),
(65, 4, 312, NULL, '2024-08-22 22:33:00', '2024-08-31 22:33:00', 828.00, NULL, NULL, NULL, '2024-08-13 18:20:22', '2024-08-13 18:20:22'),
(66, 4, 312, NULL, '2024-08-22 22:33:00', '2024-08-31 22:33:00', 828.00, NULL, NULL, NULL, '2024-08-13 18:21:43', '2024-08-13 18:21:43'),
(67, 4, 312, NULL, '2024-08-22 22:33:00', '2024-08-31 22:33:00', 828.00, NULL, NULL, NULL, '2024-08-13 18:22:07', '2024-08-13 18:22:07'),
(68, 4, 312, NULL, '2024-08-22 22:33:00', '2024-08-31 22:33:00', 828.00, NULL, NULL, NULL, '2024-08-13 18:23:33', '2024-08-13 18:23:33'),
(69, 4, 312, NULL, '2024-08-22 22:33:00', '2024-08-31 22:33:00', 828.00, NULL, NULL, NULL, '2024-08-13 18:23:46', '2024-08-13 18:23:46'),
(70, 4, 312, NULL, '2024-08-22 22:33:00', '2024-08-31 22:33:00', 828.00, NULL, NULL, NULL, '2024-08-13 18:29:03', '2024-08-13 18:29:03'),
(71, 4, 312, NULL, '2024-08-22 22:33:00', '2024-08-31 22:33:00', 828.00, NULL, NULL, NULL, '2024-08-13 18:29:16', '2024-08-13 18:29:16'),
(72, 4, 312, NULL, '2024-08-22 22:33:00', '2024-08-31 22:33:00', 828.00, NULL, NULL, NULL, '2024-08-13 18:30:19', '2024-08-13 18:30:19'),
(73, 4, 312, NULL, '2024-08-22 22:33:00', '2024-08-31 22:33:00', 828.00, NULL, NULL, NULL, '2024-08-13 18:30:27', '2024-08-13 18:30:27'),
(74, 4, 312, NULL, '2024-08-22 22:33:00', '2024-08-31 22:33:00', 828.00, NULL, NULL, NULL, '2024-08-13 18:31:40', '2024-08-13 18:31:40'),
(75, 4, 312, NULL, '2024-08-22 22:33:00', '2024-08-31 22:33:00', 828.00, NULL, NULL, NULL, '2024-08-13 18:34:19', '2024-08-13 18:34:19'),
(76, 4, 312, NULL, '2024-08-22 22:33:00', '2024-08-31 22:33:00', 828.00, NULL, NULL, NULL, '2024-08-13 18:35:26', '2024-08-13 18:35:26'),
(77, 4, 312, NULL, '2024-08-22 22:33:00', '2024-08-31 22:33:00', 828.00, NULL, NULL, NULL, '2024-08-13 18:36:50', '2024-08-13 18:36:50'),
(78, 5, 217, NULL, '2024-08-15 00:50:00', '2024-08-31 00:50:00', 944.00, NULL, NULL, NULL, '2024-08-13 18:51:03', '2024-08-13 18:51:03'),
(79, 5, 217, NULL, '2024-08-15 00:50:00', '2024-08-31 00:50:00', 944.00, NULL, NULL, NULL, '2024-08-13 18:52:10', '2024-08-13 18:52:10'),
(80, 5, 217, NULL, '2024-08-15 00:50:00', '2024-08-31 00:50:00', 944.00, NULL, NULL, NULL, '2024-08-13 18:52:27', '2024-08-13 18:52:27'),
(81, 5, 217, NULL, '2024-08-15 00:50:00', '2024-08-31 00:50:00', 944.00, NULL, NULL, NULL, '2024-08-13 18:56:28', '2024-08-13 18:56:28'),
(82, 5, 217, NULL, '2024-08-15 00:50:00', '2024-08-31 00:50:00', 944.00, NULL, NULL, NULL, '2024-08-13 19:30:20', '2024-08-13 19:30:20'),
(83, 5, 217, NULL, '2024-08-15 00:50:00', '2024-08-31 00:50:00', 944.00, NULL, NULL, NULL, '2024-08-13 19:30:29', '2024-08-13 19:30:29'),
(84, 5, 217, NULL, '2024-08-15 00:50:00', '2024-08-31 00:50:00', 944.00, NULL, NULL, NULL, '2024-08-13 19:34:35', '2024-08-13 19:34:35'),
(85, 5, 217, NULL, '2024-08-15 00:50:00', '2024-08-31 00:50:00', 944.00, NULL, NULL, NULL, '2024-08-13 19:39:59', '2024-08-13 19:39:59'),
(86, 5, 217, NULL, '2024-08-15 00:50:00', '2024-08-31 00:50:00', 944.00, NULL, NULL, NULL, '2024-08-13 19:46:24', '2024-08-13 19:46:24');

-- --------------------------------------------------------

--
-- Table structure for table `branch`
--

CREATE TABLE `branch` (
  `id` int(11) NOT NULL,
  `car_id` int(11) NOT NULL,
  `text` varchar(255) NOT NULL,
  `loclat` varchar(50) DEFAULT NULL,
  `loclong` varchar(50) DEFAULT NULL,
  `regionid` varchar(50) DEFAULT NULL,
  `cityid` varchar(50) DEFAULT NULL,
  `branchid` varchar(50) DEFAULT NULL,
  `address1` varchar(255) DEFAULT NULL,
  `address2` varchar(255) DEFAULT NULL,
  `hours` varchar(255) DEFAULT NULL,
  `phone1` varchar(50) DEFAULT NULL,
  `phone2` varchar(50) DEFAULT NULL,
  `mobile` varchar(50) DEFAULT NULL,
  `email` varchar(255) DEFAULT NULL
) ENGINE=InnoDB DEFAULT CHARSET=utf8mb4 COLLATE=utf8mb4_general_ci;

--
-- Dumping data for table `branch`
--

INSERT INTO `branch` (`id`, `car_id`, `text`, `loclat`, `loclong`, `regionid`, `cityid`, `branchid`, `address1`, `address2`, `hours`, `phone1`, `phone2`, `mobile`, `email`) VALUES
(1, 14, 'الشارع الأول', '26.4447331', '50.1181762', '3', '7', '58', 'Dammam - 1St . Corniche road', 'الدمام الشارع الأول طريق الكورنيش', 'Saturday - Thursday: 08:00 AM To 12:00 AM /// Friday: 04:00 PM TO 12:00 AM', '8002440204', '', '', ''),
(2, 45, 'شارع 18', '26.4558142', '50.0964342', '3', '7', '59', 'Dammam - 18th St. front of Tuliab hotel', 'شارع 18 حى الزهور بجوار فندق تيوليب ان', 'Saturday - Thursday: 08:30 AM TO 11:30 AM -- 04:00 PM TO 09:00 PM /// Friday: 04:00 TO 09:00 PM', '8002440204', '', '', ''),
(3, 31, 'شارع 42', '26.4116142', '50.0799436', '3', '7', '57', '42nd St.  Beside Girls College', 'شارع 42 بجوار كليه البنات', 'Saturday - Thursday: 08:00 AM To 12:00 AM /// Friday: 04:00 PM TO 12:00 AM', '8002440204', '', '', ''),
(4, 141, '3- الملك فهد', '26.4163151', '50.0783129', '3', '7', '117', 'King Fahad Road - Next To Aldrees Fuel Station', 'طريق الملك فهد - بعد محطة الدريس', 'Saturday - Thursday: 08:00 AM To 12:00 AM /// Friday: 04:00 PM TO 12:00 AM', '8002440204', '', '', ''),
(5, 217, 'مطار الملك فهد الدولي', '26.4684928', '49.7977310', '3', '7', '55', 'Dammam - King Fahd International Airport', 'الدمام - مطار الملك فهد الدولي', '24 Hours', '8002440204', '', '', ''),
(6, 25, 'الأربعين', '21.5792826', '39.2086255', '1', '1', '15', '40th Street beside Al-inma\'a Bank', 'شارع الأربعين بجوار بنك الإنماء', 'Saturday - Thursday : 09:00 AM To 12:00 PM -- 05:00 PM To 10:00 PM /// Friday: 04:00 PM To 12:00 AM', '8002440204', '', '', ''),
(7, 4, 'أبحر', '21.7800255', '39.096283', '1', '1', '129', 'Al-Yaqout neighborhood, Prince Abdul Majeed Street, next to Al-Ahly Quick Pay', 'حي الياقوت شارع الأمير عبدالمجيد بجوار كويك باي الاهلي', 'Saturday: 09:00 AM To 12:00 PM -- 05:00 PM To 10:00 PM /// Sunday - Thursday: 08:00 AM to 12:00 AM /// Friday: 04:00 PM To 12:00 AM', '8002440204', '', '', ''),
(8, 21, 'الحمدانية-2', '21.7342529', '39.1919412', '1', '1', '116', 'Al-Hamdania', 'الحمدانية الطريق العام قبل كوبرى الحجاج', 'Saturday: 09:00 AM To 12:00 PM -- 05:00 PM To 10:00 PM /// Sunday - Thursday: 08:00 AM to 12:00 AM /// Friday: 04:00 PM To 12:00 AM', '8002440204', '', '', ''),
(9, 65, 'الفيحاء الجديد2', '21.487680', '39.225739', '1', '1', '118', 'NEW Faiha district st abdullah sliman', 'الفيحاء الجديد شارع عبدالله سليمان', 'Saturday: 09:00 AM To 12:00 PM -- 05:00 PM To 10:00 PM /// Sunday - Thursday: 08:00 AM to 12:00 AM /// Friday: 04:00 PM To 12:00 AM', '8002440204', '', '', ''),
(10, 100, 'البغداديه', '21.5022103', '39.1834951', '1', '1', '11', 'Madina Road opposite the Business Center', 'طريق المدينة مقابل مركز الأعمال', 'Saturday - Thursday: 09:00 AM To 12:00 PM -- 05:00 PM To 10:00 PM /// Friday: 04:00 PM To 12:00 AM', '8002440204', '', '', ''),
(11, 70, 'مطار الملك عبد العزيز - المطار الجديد صالة 1', '21.6576025', '39.1735656', '1', '1', '90', 'King Abdulaziz Airport (New Airport)', '(مطار الملك عبدالعزيز (المطار الجديد', '24 Hours', '8002440204', '', '', ''),
(12, 16, 'الفرع الرئيسي - طريق المدينة', '21.589735', '39.1627998', '1', '1', '10', 'Madina Road - Albawadi Dist. beside Al Awal Bank', 'حى البوادى - طريق المدينة الطالع بجوار البنك الأول', '24 Hours', '8002440204', '', '', ''),
(13, 63, 'حراء الجديد', '21.608923', '39.130311', '1', '1', '114', 'Hira Street, west of History Square', 'شارع حراء غرب ميدان التاريخ', 'Saturday: 09:00 AM To 12:00 PM -- 05:00 PM To 10:00 PM /// Sunday - Thursday: 08:00 AM to 12:00 AM /// Friday: 04:00 PM To 12:00 AM', '8002440204', '', '', ''),
(14, 13, 'فلسطين الجديد', '21.5360251', '39.2154636', '1', '1', '107', 'Palestine St behind Al Baik', 'امتداد خدمة شارع فلسطين شرقاً خلف البيك', 'Saturday: 09:00 AM To 12:00 PM -- 05:00 PM To 10:00 PM /// Sunday - Thursday: 08:00 AM to 12:00 AM /// Friday: 04:00 PM To 12:00 AM', '8002440204', '', '', ''),
(15, 64, 'شارع الأمير ماجد', '21.6179259', '39.1858734', '1', '1', '21', 'Alrabwah Dist. - intersection of Hira ST. with prince majid ST.', 'حي الربوة - تقاطع حراء مع الامير ماجد', 'Saturday: 09:00 AM To 12:00 PM -- 05:00 PM To 10:00 PM /// Sunday - Thursday: 08:00 AM to 12:00 AM /// Friday: 04:00 PM To 12:00 AM', '8002440204', '', '', ''),
(16, 43, 'شارع الامير سلطان', '21.609509', '39.1412041', '1', '1', '14', 'Sultan ST. to the north - before the altareekh roundabout', 'شارع الامير سلطان شمالاً قبل دوار التاريخ بعد شركة نيسان للسيارات', 'Saturday - Thursday : 09:00 AM To 12:00 PM -- 05:00 PM To 10:00 PM /// Friday: Closed', '8002440204', '', '', ''),
(17, 40, 'شارع صاري', '21.577555', '39.1520333', '1', '1', '20', 'Sari ST. towards madina road - opposite to Burger King', 'شارع صاري المتجه شرقاً لطريق المدينه امام مطعم برجر كنج', 'Saturday - Thursday : 09:00 AM To 12:00 PM -- 05:00 PM To 10:00 PM /// Friday: Close', '8002440204', '', '', ''),
(18, 6, 'مطار أبها', '18.234435', '42.657753', '1', '5', '39', 'Alairport ST. after Al-suhaily center', 'شارع المطار - بعد مركز السهيلي', '24 Hours', '8002440204', '', '', ''),
(19, 214, 'الفرع الرئيسي', '18.299242', '42.688961', '1', '5', '38', 'Khames Abha road Beside Hospital Dr.Ghassan Najib Pharaoh', 'طريق الخميس ابها بجوار مستشفى د. غسان نجيب فرعون', 'Saturday - Thursday: 09:00 AM TO 12:00 PM --- 05:00 PM TO 10:00 PM /// Friday: 05:00 PM TO 10:00 PM ///// Delivery:- Saturday To Thursday From 09:00 AM To 09:00 PM - Friday From 05:00 PM To 09:00 PM', '8002440204', '', '', ''),
(20, 53, 'الملز', '24.683216', '46.725454', '2', '6', '43', 'Riyadh - Malaz Dist. - 60th St. - beside Al-Aqaryah - infront of Security Forces Hospital', 'شارع الستين بالملز - بجوار العقارية - مقابل مستشفى قوى الأمن', 'Saturday: 09:30 AM to 12:00 PM -- 04:30 PM to 10:00 PM /// Sunday - Thursday: 08:00 AM to 12:00 AM /// Friday: 04:00 PM to 12:00 AM', '8002440204', '', '', ''),
(21, 36, 'النزهة', '24.7533191', '46.7198374', '2', '6', '130', 'Othman Bin Affan Road, next to Rawdat Al-Aqsa Medical Clinics, opposite Al Nakheel Mall', 'طريق عثمان بن عفان بجوار عيادات روضة الأقصى الطبى مقابل النخيل مول', 'Saturday: 09:30 AM To 12:00 PM -- 04:30 PM To 10:00 PM /// Sunday - Thursday: 08:00 AM to 12:00 AM /// Friday: 04:00 PM To 12:00 AM', '8002440204', '', '', ''),
(22, 80, 'اليرموك', '24.797565', '46.780746', '2', '6', '92', 'Imam Abdullah Ibn Saud Ibn Abdulaziz Branch Rd, IshbiliyahRiyadh 13225', 'طريق الإمام عبدالله بن سعود بن عبدالعزيز الفرعي مقابل وقت اللياقة، اليرموك، الرياض 13225', 'Saturday: 09:30 AM to 12:00 PM -- 04:30 PM to 10:00 PM /// Sunday - Thursday: 08:00 AM to 12:00 AM /// Friday: 04:00 PM to 12:00 AM', '8002440204', '', '', ''),
(23, 54, 'الياسمين', '24.8173943', '46.6362801', '2', '6', '125', 'Anas Bin Malik Road', 'طريق أنس بن مالك', 'Saturday - Thursday: 08:00 AM to 12:00 AM /// Friday: 04:00 PM To 12:00 AM', '8002440204', '', '', ''),
(24, 51, 'الدار البيضاء', '24.5686092', '46.7712145', '2', '6', '123', 'Arafat Road Beside of Abdullah Alothaim Markets & Liter Gas Station', 'طريق عرفات بجوار أسواق العثيم و محطة لتر', 'Saturday: 09:30 AM To 12:00 PM -- 04:30 PM To 10:00 PM /// Sunday - Thursday: 08:00 AM to 12:00 AM /// Friday: 04:00 PM To 12:00 AM', '8002440204', '', '', ''),
(25, 29, 'البديعة', '24.567957', '46.621216', '2', '6', '48', 'Riyadh - Western Ring - Exit 27 - Service road', 'الرياض - الدائري الغربي - مخرج 27 - طريق الخدمة', 'Saturday: 09:30 AM to 12:00 PM -- 04:30 PM to 10:00 PM /// Sunday - Thursday: 08:00 AM to 12:00 AM /// Friday: 04:00 PM to 12:00 AM', '8002440204', '', '', ''),
(26, 172, 'مخرج 11 الدائرى الشرقى', '24.747850', '46.745396', '2', '6', '77', 'Riyadh - East Ring Road - Between exit 10 and 11', 'طريق الدائري الشرقي بين مخرج 10-11 بإتجاه الشمال', 'Saturday: 09:30 AM To 12:00 PM -- 04:30 PM To 10:00 PM /// Sunday - Thursday: 08:00 AM to 12:00 AM /// Friday: 04:00 PM To 12:00 AM', '8002440204', '', '', ''),
(27, 1, 'مخرج 18', '24.629243', '46.797813', '2', '6', '94', 'Al Faisaliyyah, Riyadh, 12896', 'حي الفيصلية صناعية الدائري / الدائري الجنوبي مخرج 18', 'Saturday: 09:30 AM To 12:00 PM -- 04:30 PM To 10:00 PM /// Sunday - Thursday: 08:00 AM to 12:00 AM /// Friday: 04:00 PM To 12:00 AM', '8002440204', '', '', ''),
(28, 67, 'مطار الملك خالد صالة 1 ( الدولية )', '24.8778887', '46.5598241', '2', '6', '115', 'Riyadh - King Khaled International Airport - Hall 1', 'الرياض - مطار الملك خالد الدولي - الصالة 1', '24 Hours', '8002440204', '', '', ''),
(29, 28, 'مطار الملك خالد صالة 5 ( الداخلية )', '24.9417389', '46.7090502', '2', '6', '41', 'Riyadh - King Khaled International Airport - Hall 5', 'الرياض - مطار الملك خالد الدولي - الصالة 5', '24 Hour', '8002440204', '', '', ''),
(30, 10, 'لبن نجد', '24.6222496', '46.5462427', '2', '6', '124', 'Laban neighborhood, Najd Street, opposite Gifts Mall', 'حي لبن شارع نجد مقابل الهدايا مول', 'Saturday: 09:30 AM To 12:00 PM -- 04:30 PM To 10:00 PM /// Sunday - Thursday: 08:00 AM to 12:00 AM /// Friday: 04:00 PM To 12:00 AM', '8002440204', '', '', ''),
(31, 127, 'الرئيسي - حي الورود', '24.7277111', '46.6870196', '2', '6', '40', 'Al worood Dist - The intersection of King Abdulaziz with Sheikh Abdullah Ankary St.', 'ي الورود - تقاطع طريق الملك عبدالعزيز مع شارع الشيخ عبدالله العنقري', '24 Hour', '8002440204', '', '', ''),
(32, 18, 'المروج', '24.762457', '46.671901', '2', '6', '44', 'Riyadh - King Abdul Aziz St. - Opposite  Bandah Al maseef', 'طريق الملك عبدالعزيز - مقابل بنده المصيف', 'Saturday: 09:30 AM to 12:00 PM -- 04:30 PM to 10:00 PM /// Sunday - Thursday: 08:00 AM to 12:00 AM /// Friday: 04:00 PM to 12:00 AM', '8002440204', '', '', ''),
(33, 98, 'مركز العليا', '24.687284', '46.688523', '2', '6', '46', 'Riyadh - Olaya main Street - Car Rental Complex -  Mossa Building', 'شارع العليا العام - مجمع تأجير السيارات بعمارة الموسى', 'Saturday: 09:30 AM To 12:00 PM -- 04:30 PM To 10:00 PM /// Sunday - Thursday: 08:00 AM to 12:00 AM /// Friday: 04:00 PM To 12:00 AM', '8002440204', '', '', ''),
(34, 157, 'قرطبة مخرج 8', '24.804325', '46.748795', '2', '6', '42', 'Qurtubah, Riyadh, 13245', 'قرطبة, الرياض 13245', 'Saturday - Thursday: 08:00 AM to 12:00 AM /// Friday: 04:00 PM to 12:00 AM', '8002440204', '', '', ''),
(35, 146, 'الروضة', '24.733813', '46.76908', '2', '6', '45', 'Riyadh Al Rawdah Dist. - Abadh Bin Alsamat St.', 'حي الروضة - شارع عبادة بن الصامت', 'Saturday: 09:30 AM to 12:00 PM -- 04:30 PM to 10:00 PM /// Sunday - Thursday: 08:00 AM to 12:00 AM /// Friday: 04:00 PM to 12:00 AM', '8002440204', '', '', ''),
(36, 22, 'وادي لبن', '24.649167', '46.558056', '2', '6', '91', 'Taif Road, Riyadh 13782', 'الوادي شارع الطائف مقابل مجمع المهيدب لطب الاسنان', 'Saturday: 09:30 AM to 12:00 PM -- 04:30 PM to 10:00 PM /// Sunday - Thursday: 08:00 AM to 12:00 AM /// Friday: 04:00 PM to 12:00 AM', '8002440204', '', '', ''),
(37, 167, 'النزهة', '21.437274', '39.794412', '1', '12', '28', 'Al nuzha General ST. Beside security patrols', 'شارع النزهه العام بجوار الدوريات الأمنية', 'Saturday : 09:00 AM To 12:00 PM -- 05:00 PM To 10:00 PM // Sunday - Thursday: 08:00 AM to 12:00 AM /// Friday: 04:00 PM To 12:00 AM', '8002440204', '', '+966593330102', ''),
(38, 5, 'ألكعكية', '21.358615', '39.792806', '1', '12', '31', 'Al Sbhani - Al laith General road', 'السبهاني طريق الليث العام', 'Saturday - Thursday: 08:00 AM to 12:00 AM /// / Friday: 04:00 PM To 10:00 PM', '8002440204', '', '', ''),
(39, 23, 'الراكة', '26.3529417', '50.191772', '3', '9', '128', 'Al Rakah Al Janubiyah District, Al Khobar City, King Fahd Road (Bridges)', 'حى الراكة الجنوبية مدينة الخبر طريق الملك فهد ( الكباري )', 'Saturday - Thursday: 08:00 AM To 12:00 AM /// Friday: 04:00 PM TO 12:00 AM', '8002440204', '', '', ''),
(40, 3, 'العزيزيه', '26.2174563016112', '50.18566128255615', '3', '9', '106', 'Al - Faraj Complex', 'طريق مجلس التعاون  مجمع الفرج للتاجير السيارات', 'Saturday - Thursday: 08:00 AM To 11:00 PM /// Friday: 3:00 PM TO 10:00 PM', '8002440204', '8002440204', '8002440204', ''),
(41, 93, 'الرئيسي - طريق الظهران', '26.283950399273667', '50.195509638063406', '3', '9', '64', 'Dhahran Road - direction to Khobar - beside STC', 'طريق الظهران باتجاه الخبر مقابل الاتصالات السعودية', '24 Hour', '8002440204', '', '', ''),
(42, 89, 'العزيزية', '24.465281', '39.547678', '1', '11', '26', 'aljamiaat road - infront of the stiduim', 'طريق الجامعات أمام الاستاد الرياضي', 'Saturday : 09:00 AM TO 12:00 PM --- 05:00 PM TO 10:00 PM /// Sunday - Thursday: 08:30 AM TO 03:30 PM --- 04:00 PM TO 11:00 PM /// Friday: 05:00 PM TO 10:00 PM', '8002440204', '', '', ''),
(43, 9, 'الحزام', '24.456803', '39.642380', '1', '11', '27', 'Heezam road - Building  arrivals formerly', 'طريق الحزام عمارة الوافدين سابقا ً', 'Saturday - Thursday: 09:00 AM TO 12:00 PM --- 05:00 PM TO 10:00 PM /// Friday: 05:00 PM TO 10:00 PM', '8002440204', '', '', ''),
(44, 11, 'الحزام 2', '24.4708443', '39.6319361', '1', '11', '108', 'Traffic Light of King Abdulaziz Crossing Al Hizam – Front of STC', 'اشارة تقاطع الملك عبدالعزيز مع الحزام مقابل شركةSTC', 'Saturday : 09:00 AM TO 12:00 PM --- 05:00 PM TO 10:00 PM /// Sunday - Thursday: 08:30 AM TO 03:30 PM --- 04:00 PM TO 11:00 PM /// Friday: 05:00 PM TO 10:00 PM', '8002440204', '', '', ''),
(45, 7, 'سلطانة', '24.4868569', '39.5761449', '1', '11', '95', 'Sultana - Khalid Ibn Al Walid Rd - Khuzam center', 'سلطانة - شارع خالد بن الوليد - مجمع خزام', 'Saturday - Thursday: 09:00 AM TO 12:00 PM --- 05:00 PM TO 10:00 PM /// Friday: 05:00 PM TO 10:00 PM', '8002440204', '', '', ''),
(46, 47, 'البلد', '24.087313', '38.066540', '1', '4', '37', 'Jeddah road', 'طريق جده', 'Saturday - Thursday: 09:00 AM TO 12:00 PM --- 05:00 PM TO 10:00 PM /// Friday: 05:00 PM TO 10:00 PM', '8002440204', '', '', ''),
(47, 34, 'الهيئة الملكية', '24.009097', '38.221356', '1', '4', '36', 'Royal Commission  al nuah', 'الهيئة الملكية النواه', 'Saturday - Thursday: 09:00 AM TO 12:00 PM --- 05:00 PM TO 10:00 PM /// Friday: 05:00 PM TO 10:00 PM', '8002440204', '', '', ''),
(48, 62, 'الاحساء طريق الملك فهد', '25.392315', '49.579083', '3', '10', '120', 'ALHASA-KING FAHAD', 'الأحساء- طريق الملك فهد', 'Saturday - Thursday: 08:00 AM To 11:00 PM -- /// Friday: 04:00 PM To 11:00 PM', '8002440204', '', '', ''),
(49, 20, 'الأحساء السلمانية', '25.3362309', '49.5505926', '3', '10', '121', '(Al-Ahsa Al-Sulamaniyah) Al-Salmaniyah neighborhood in Al-Ahsa region (CAR 2 GO) car rental complex', '( الأحساء السلمانية )  حي السلمانية بمنطقة الأحساء مجمع ( CAR 2 GO ) لتأجير السيارات', 'Sunday - Thursday: 08:00 AM to 10:00 PM /// Friday: OFF', '', '', '0580175709', ''),
(50, 2, 'طريق الملك عبدالعزيز', '26.335128', '43.968180', '2', '13', '96', '7475 King Abdulaziz Rd, At Taghirah, Buraydah 52361 2107', 'طريق الملك عبد العزيز حي الخبيب 7475', 'Saturday: 09:00 AM To 12:00 PM -- 05:00 PM To 10:00 PM /// Sunday - Thursday: 08:00 AM To 12:00 AM /// Friday: 04:00 PM To 12:00 AM', '8002440204', '', '', ''),
(51, 117, 'مطار الملك عبدالله الدولي ( جازان )', '16.8996346', '42.5809164', '1', '16', '127', 'King Abdullah bin Abdulaziz International Airport (Jazan )', 'مطار الملك عبدالله بن عبدالعزيز الدولي ( جازان )', '24 Hours', '8002440204', '', '8002440204', ''),
(52, 99, 'طريق المدينة', '27.005069', '49.6609672', '3', '8', '87', 'Jubail - Madina Road Front Of Jubail Mall', 'الجبيل البلد طريق المدينة مقابل الجبيل مول', 'Saturday - Thursday: 08:00 AM To 11:00 PM /// Friday: 04:00 PM TO 11:00 PM', '8002440204', '', '', ''),
(53, 15, 'الهيئة الملكية', '27.0831889', '49.5567391', '3', '8', '63', 'Jubail - Services and Support  138 St. beside National Bank', 'الجبيل - شارع 138 بجوار البنك الأهلي', 'Saturday - Thursday: 08:00 AM To 09:00 PM /// Friday: 04:00 PM To 09:00 PM', '8002440204', '', '', ''),
(54, 55, 'الفرع الرئيسى - طريق عمان', '28.426308', '36.5267462', '1', '15', '112', 'King Khalid Road (Uman Road) – Al Rajhi District – Near Red Tag', 'طريق عمّان - حى الراجحى - بجوار رد تاغ', 'Saturday : 09:00 AM TO 12:00 PM --- 05:00 PM TO 10:00 PM /// Sunday - Thursday : 08:00 AM TO 12:00 AM /// Friday: 04:00 PM To 12:00 AM', '8002440204', '', '', ''),
(55, 32, 'مطار الأمير سلطان بن عبد العزيز الدولى ( تبوك )', '28.3721168', '36.5986348', '1', '15', '126', 'Prince Sultan Bin Abdulaziz International Airport ( Tabuk )', 'مطار الأمير ساطان بن عبد العزيز الدولى ( تبوك )', '24 Hours', '8002440204', '', '8002440204', ''),
(56, 41, 'رابغ', '22.792828', '39.033375', '1', '2', '32', 'Rabigh - Main St.South - Near Riyadh Bank', 'الشارع العام جنوب بنك الرياض', 'Saturday - Thursday: 09:00 AM TO 12:00 PM --- 05:00 PM TO 10:00 PM /// Friday: 05:00 PM TO 10:00 PM', '8002440204', '', '', ''),
(57, 39, 'شهار', '21.262325', '40.409972', '1', '3', '34', 'Alshahar General ST.', 'شارع شهار العام', 'Saturday - Thursday: 09:00 AM To 12:00 PM -- 05:00 PM To 10:00 PM /// Friday: OFF', '8002440204', '', '+966593330117', ''),
(58, 12, 'الطائف شبرا', '21.2797947', '40.4147787', '1', '3', '122', '', 'الطائف شبرا', 'Sunday - Thursday: 08:00 AM to 11:00 PM /// Friday: 04:00 PM To 11:00 PM ///Saturday: 09:00 AM To 12:00 pm 05:00 Pm To 10:00 Pm', '8002440204', '', '0593331819', '');

-- --------------------------------------------------------

--
-- Table structure for table `car`
--

CREATE TABLE `car` (
  `id` int(11) NOT NULL,
  `branch_id` int(11) NOT NULL,
  `title` varchar(255) DEFAULT NULL,
  `images` text DEFAULT NULL,
  `engine` varchar(255) DEFAULT NULL,
  `mileage` varchar(255) DEFAULT NULL,
  `color` varchar(255) DEFAULT NULL,
  `transmission` varchar(255) DEFAULT NULL,
  `doors` int(11) DEFAULT NULL,
  `seats` int(11) DEFAULT NULL,
  `price_per_day` decimal(8,2) DEFAULT NULL,
  `price_per_hour` decimal(8,2) DEFAULT NULL,
  `price_per_month` decimal(10,2) DEFAULT NULL,
  `trim` varchar(255) DEFAULT NULL,
  `paint_parts` varchar(255) DEFAULT NULL,
  `plate` varchar(255) DEFAULT NULL,
  `seat_number` int(11) DEFAULT NULL,
  `seat_material` varchar(255) DEFAULT NULL,
  `condition` varchar(255) DEFAULT NULL
) ENGINE=InnoDB DEFAULT CHARSET=utf8mb4 COLLATE=utf8mb4_general_ci;

--
-- Dumping data for table `car`
--

INSERT INTO `car` (`id`, `branch_id`, `title`, `images`, `engine`, `mileage`, `color`, `transmission`, `doors`, `seats`, `price_per_day`, `price_per_hour`, `price_per_month`, `trim`, `paint_parts`, `plate`, `seat_number`, `seat_material`, `condition`) VALUES
(1, 27, 'Land RoverRange Rover Sport2018', '[\"https://iqcarsgermany.azureedge.net/img/CarAttachments\\\\1723387945474.191OutputFile_1723387928529_out.jpeg\", \"https://iqcarsgermany.azureedge.net/img/CarAttachments\\\\1723387947212.6824OutputFile_1723387928549_out.jpeg\", \"https://iqcarsgermany.azureedge.net/img/CarAttachments\\\\1723387943957.8867OutputFile_1723387928563_out.jpeg\", \"https://iqcarsgermany.azureedge.net/img/CarAttachments\\\\1723387945474.191OutputFile_1723387928529_out.jpeg\", \"https://iqcarsgermany.azureedge.net/img/CarAttachments\\\\1723387947212.6824OutputFile_1723387928549_out.jpeg\", \"https://iqcarsgermany.azureedge.net/img/CarAttachments\\\\1723387943957.8867OutputFile_1723387928563_out.jpeg\"]', ' 3.0', '4729', 'White', 'اوتوماتيك', 4, 5, 34.00, 94.00, 86.00, 'HSE', 'No Paint', 'Erbil,Private', 5, 'Leather', 'مستعمل'),
(2, 50, 'Chrysler3002023', '[\"https://iqcarsgermany.azureedge.net/img/CarAttachments\\\\1723387899760.56OutputFile_1723387868123_out.jpeg\", \"https://iqcarsgermany.azureedge.net/img/CarAttachments\\\\1723387901394.0398OutputFile_1723387868268_out.jpeg\", \"https://iqcarsgermany.azureedge.net/img/CarAttachments\\\\1723387917640.4824OutputFile_1723387868490_out.jpeg\", \"https://iqcarsgermany.azureedge.net/img/CarAttachments\\\\1723387899760.56OutputFile_1723387868123_out.jpeg\", \"https://iqcarsgermany.azureedge.net/img/CarAttachments\\\\1723387901394.0398OutputFile_1723387868268_out.jpeg\", \"https://iqcarsgermany.azureedge.net/img/CarAttachments\\\\1723387917640.4824OutputFile_1723387868490_out.jpeg\"]', ' 3.6', '1263', 'White', 'اوتوماتيك', 6, 4, 51.00, 75.00, 34.00, 'S', '1 Part', 'Erbil,Temporary', 5, 'Leather', 'مستعمل'),
(3, 40, 'DodgeChallenger2023', '[\"https://iqcarsgermany.azureedge.net/img/CarAttachments\\\\1723387168140.26371723386490218.JPG\", \"https://iqcarsgermany.azureedge.net/img/CarAttachments\\\\1723386501004.30641723386490605.JPG\", \"https://iqcarsgermany.azureedge.net/img/CarAttachments\\\\1723386503111.46751723386490924.JPG\", \"https://iqcarsgermany.azureedge.net/img/CarAttachments\\\\1723387168140.26371723386490218.JPG\", \"https://iqcarsgermany.azureedge.net/img/CarAttachments\\\\1723386501004.30641723386490605.JPG\", \"https://iqcarsgermany.azureedge.net/img/CarAttachments\\\\1723386503111.46751723386490924.JPG\"]', ' 6.2', '2825', 'Gray', 'اوتوماتيك', 6, 5, 25.00, 14.00, 74.00, 'Hellcat', NULL, 'Erbil,Temporary', 4, 'Leather', 'جديد'),
(4, 7, 'ToyotaRAV42020', '[\"https://iqcarsgermany.azureedge.net/img/CarAttachments\\\\1723387775317.2251723387479170.JPG\", \"https://iqcarsgermany.azureedge.net/img/CarAttachments\\\\1723387776498.77881723387479252.JPG\", \"https://iqcarsgermany.azureedge.net/img/CarAttachments\\\\1723387780888.5711723387479509.JPG\", \"https://iqcarsgermany.azureedge.net/img/CarAttachments\\\\1723387775317.2251723387479170.JPG\", \"https://iqcarsgermany.azureedge.net/img/CarAttachments\\\\1723387776498.77881723387479252.JPG\", \"https://iqcarsgermany.azureedge.net/img/CarAttachments\\\\1723387780888.5711723387479509.JPG\"]', ' 2.0', '4656', 'Maroon', 'عادي', 6, 6, 50.00, 16.00, 12.00, 'LE', '1 Part', 'Erbil,Private', 5, 'Fabric', 'مستعمل'),
(5, 38, 'ToyotaLand Cruiser2021', '[\"https://iqcarsgermany.azureedge.net/img/CarAttachments\\\\1723386187550.1726OutputFile_1723386170841_out.jpeg\", \"https://iqcarsgermany.azureedge.net/img/CarAttachments\\\\1723386189948.494OutputFile_1723386170879_out.jpeg\", \"https://iqcarsgermany.azureedge.net/img/CarAttachments\\\\1723386200605.364OutputFile_1723386170969_out.jpeg\", \"https://iqcarsgermany.azureedge.net/img/CarAttachments\\\\1723386187550.1726OutputFile_1723386170841_out.jpeg\", \"https://iqcarsgermany.azureedge.net/img/CarAttachments\\\\1723386189948.494OutputFile_1723386170879_out.jpeg\", \"https://iqcarsgermany.azureedge.net/img/CarAttachments\\\\1723386200605.364OutputFile_1723386170969_out.jpeg\"]', ' 4.7', '3669', 'White', 'اوتوماتيك', 5, 5, 94.00, 61.00, 17.00, 'GX.R', 'No Paint', 'Erbil,Private', 7, 'Leather', 'مستعمل'),
(6, 18, 'BMW5-Series2022', '[\"https://iqcarsgermany.azureedge.net/img/CarAttachments\\\\1723387737524.74951723387730775.JPG\", \"https://iqcarsgermany.azureedge.net/img/CarAttachments\\\\1723387743092.21851723387731241.JPG\", \"https://iqcarsgermany.azureedge.net/img/CarAttachments\\\\1723387740182.36061723387731033.JPG\", \"https://iqcarsgermany.azureedge.net/img/CarAttachments\\\\1723387737524.74951723387730775.JPG\", \"https://iqcarsgermany.azureedge.net/img/CarAttachments\\\\1723387743092.21851723387731241.JPG\", \"https://iqcarsgermany.azureedge.net/img/CarAttachments\\\\1723387740182.36061723387731033.JPG\"]', ' 2.0', '4156', 'White', 'اوتوماتيك', 6, 5, 72.00, 31.00, 18.00, '530i', '1 Part', 'Duhok,Private', 5, 'Leather', 'مستعمل'),
(7, 45, 'ToyotaLand Cruiser Prado2023', '[\"https://iqcarsgermany.azureedge.net/img/CarAttachments\\\\1723386068155.65OutputFile_1723386026656_out.jpeg\", \"https://iqcarsgermany.azureedge.net/img/CarAttachments\\\\1723386070840.728OutputFile_1723386026754_out.jpeg\", \"https://iqcarsgermany.azureedge.net/img/CarAttachments\\\\1723386078925.14OutputFile_1723386026868_out.jpeg\", \"https://iqcarsgermany.azureedge.net/img/CarAttachments\\\\1723386068155.65OutputFile_1723386026656_out.jpeg\", \"https://iqcarsgermany.azureedge.net/img/CarAttachments\\\\1723386070840.728OutputFile_1723386026754_out.jpeg\", \"https://iqcarsgermany.azureedge.net/img/CarAttachments\\\\1723386078925.14OutputFile_1723386026868_out.jpeg\"]', ' 4.0', '4096', 'White', 'اوتوماتيك', 5, 5, 79.00, 62.00, 64.00, 'TXS', '2 Parts', 'Erbil,Private', 7, 'Leather', 'مستعمل'),
(8, 27, 'NissanAltima2020', '[\"https://iqcarsgermany.azureedge.net/img/CarAttachments\\\\1723386943475.23271000081435_out.jpg\", \"https://iqcarsgermany.azureedge.net/img/CarAttachments\\\\1723386946373.23171000081432_out.jpg\", \"https://iqcarsgermany.azureedge.net/img/CarAttachments\\\\1723386946920.37551000081437_out.jpg\", \"https://iqcarsgermany.azureedge.net/img/CarAttachments\\\\1723386943475.23271000081435_out.jpg\", \"https://iqcarsgermany.azureedge.net/img/CarAttachments\\\\1723386946373.23171000081432_out.jpg\", \"https://iqcarsgermany.azureedge.net/img/CarAttachments\\\\1723386946920.37551000081437_out.jpg\"]', ' 2.5', '2333', 'Silver', 'اوتوماتيك', 4, 6, 34.00, 58.00, 89.00, 'SL', '1 PartSee Photos', 'Sulaymaniyah,Private', 5, 'Leather', 'مستعمل'),
(9, 43, 'ToyotaAvalon2023', '[\"https://iqcarsgermany.azureedge.net/img/CarAttachments\\\\1723385247385.21000055102_out.jpg\", \"https://iqcarsgermany.azureedge.net/img/CarAttachments\\\\1723385248856.7211000055106_out.jpg\", \"https://iqcarsgermany.azureedge.net/img/CarAttachments\\\\1723385255974.83521000055117_out.jpg\", \"https://iqcarsgermany.azureedge.net/img/CarAttachments\\\\1723385247385.21000055102_out.jpg\", \"https://iqcarsgermany.azureedge.net/img/CarAttachments\\\\1723385248856.7211000055106_out.jpg\", \"https://iqcarsgermany.azureedge.net/img/CarAttachments\\\\1723385255974.83521000055117_out.jpg\"]', ' 2.5', '4618', 'White', 'عادي', 5, 4, 80.00, 34.00, 12.00, 'XLE', 'No Paint', 'Erbil,Temporary', 5, 'Leather', 'جديد'),
(10, 30, 'KiaForte2021', '[\"https://iqcarsgermany.azureedge.net/img/CarAttachments\\\\1723386915537.95481723386132791.jpg\", \"https://iqcarsgermany.azureedge.net/img/CarAttachments\\\\1723386915954.47311723386133017.jpg\", \"https://iqcarsgermany.azureedge.net/img/CarAttachments\\\\1723386920769.00931723386134950.PNG\", \"https://iqcarsgermany.azureedge.net/img/CarAttachments\\\\1723386915537.95481723386132791.jpg\", \"https://iqcarsgermany.azureedge.net/img/CarAttachments\\\\1723386915954.47311723386133017.jpg\", \"https://iqcarsgermany.azureedge.net/img/CarAttachments\\\\1723386920769.00931723386134950.PNG\"]', ' 2.0', '4953', 'Black', 'عادي', 5, 5, 37.00, 50.00, 38.00, 'EX', '2 Parts', 'Erbil,Private', 5, 'Leather', 'مستعمل'),
(11, 44, 'InfinitiQX502022', '[\"https://iqcarsgermany.azureedge.net/img/CarAttachments\\\\1723384908307.136OutputFile_1723384871493_out.jpeg\", \"https://iqcarsgermany.azureedge.net/img/CarAttachments\\\\1723384895335.6863OutputFile_1723384871380_out.jpeg\", \"https://iqcarsgermany.azureedge.net/img/CarAttachments\\\\1723384905121.7898OutputFile_1723384871415_out.jpeg\", \"https://iqcarsgermany.azureedge.net/img/CarAttachments\\\\1723384908307.136OutputFile_1723384871493_out.jpeg\", \"https://iqcarsgermany.azureedge.net/img/CarAttachments\\\\1723384895335.6863OutputFile_1723384871380_out.jpeg\", \"https://iqcarsgermany.azureedge.net/img/CarAttachments\\\\1723384905121.7898OutputFile_1723384871415_out.jpeg\"]', ' 2.0', '5231', 'Red', 'عادي', 4, 4, 30.00, 26.00, 32.00, NULL, '1 Part', 'Sulaymaniyah,Temporary', 5, 'Leather', 'مستعمل'),
(12, 58, 'GMCYukon2023', '[\"https://iqcarsgermany.azureedge.net/img/CarAttachments\\\\1723386844601.11771723386657446.jpg\", \"https://iqcarsgermany.azureedge.net/img/CarAttachments\\\\1723386847655.3281723386658416.jpg\", \"https://iqcarsgermany.azureedge.net/img/CarAttachments\\\\1723386854224.29151723386660688.jpg\", \"https://iqcarsgermany.azureedge.net/img/CarAttachments\\\\1723386844601.11771723386657446.jpg\", \"https://iqcarsgermany.azureedge.net/img/CarAttachments\\\\1723386847655.3281723386658416.jpg\", \"https://iqcarsgermany.azureedge.net/img/CarAttachments\\\\1723386854224.29151723386660688.jpg\"]', ' 6.2', '5620', 'Black', 'اوتوماتيك', 6, 6, 70.00, 68.00, 29.00, 'Denali', 'Clean Title', 'Duhok,Private', 7, 'Leather', 'مستعمل'),
(13, 14, 'NissanSentra2018', '[\"https://iqcarsgermany.azureedge.net/img/CarAttachments\\\\1723384621117.318OutputFile_1723384603288_out.jpeg\", \"https://iqcarsgermany.azureedge.net/img/CarAttachments\\\\1723384619581.8977OutputFile_1723384603378_out.jpeg\", \"https://iqcarsgermany.azureedge.net/img/CarAttachments\\\\1723384626147.4512OutputFile_1723384603419_out.jpeg\", \"https://iqcarsgermany.azureedge.net/img/CarAttachments\\\\1723384621117.318OutputFile_1723384603288_out.jpeg\", \"https://iqcarsgermany.azureedge.net/img/CarAttachments\\\\1723384619581.8977OutputFile_1723384603378_out.jpeg\", \"https://iqcarsgermany.azureedge.net/img/CarAttachments\\\\1723384626147.4512OutputFile_1723384603419_out.jpeg\"]', ' 1.8', '1266', 'White', 'عادي', 6, 4, 20.00, 96.00, 50.00, 'SV', '1 Part', 'Sulaymaniyah,Private', 5, 'Fabric', 'مستعمل'),
(14, 1, 'NissanKicks2019', '[\"https://iqcarsgermany.azureedge.net/img/CarAttachments\\\\1723386765717.4524image_picker_484C1869-B29C-4395-9234-D96F5CD0193F-52002-00000794BE9AFC76.jpg\", \"https://iqcarsgermany.azureedge.net/img/CarAttachments\\\\1723386767045.171image_picker_1C184185-37D5-4CEB-B18F-21BCFDEE7EC7-52002-00000794D44749AD.jpg\", \"https://iqcarsgermany.azureedge.net/img/CarAttachments\\\\1723386766376.4111image_picker_D081B267-7712-4AE4-967C-A40DCA131069-52002-00000794B558A2A4.jpg\", \"https://iqcarsgermany.azureedge.net/img/CarAttachments\\\\1723386765717.4524image_picker_484C1869-B29C-4395-9234-D96F5CD0193F-52002-00000794BE9AFC76.jpg\", \"https://iqcarsgermany.azureedge.net/img/CarAttachments\\\\1723386767045.171image_picker_1C184185-37D5-4CEB-B18F-21BCFDEE7EC7-52002-00000794D44749AD.jpg\", \"https://iqcarsgermany.azureedge.net/img/CarAttachments\\\\1723386766376.4111image_picker_D081B267-7712-4AE4-967C-A40DCA131069-52002-00000794B558A2A4.jpg\"]', ' 1.6', '5630', 'White', 'عادي', 4, 6, 40.00, 44.00, 87.00, NULL, '3 Parts', 'Erbil,Private', 5, 'Fabric', 'مستعمل'),
(15, 53, 'SoueastDX8S2023', '[\"https://iqcarsgermany.azureedge.net/img/CarAttachments\\\\1723384418966.9236OutputFile_1723384398957_out.jpeg\", \"https://iqcarsgermany.azureedge.net/img/CarAttachments\\\\1723384417754.2712OutputFile_1723384399130_out.jpeg\", \"https://iqcarsgermany.azureedge.net/img/CarAttachments\\\\1723384426057.3408OutputFile_1723384399176_out.jpeg\", \"https://iqcarsgermany.azureedge.net/img/CarAttachments\\\\1723384418966.9236OutputFile_1723384398957_out.jpeg\", \"https://iqcarsgermany.azureedge.net/img/CarAttachments\\\\1723384417754.2712OutputFile_1723384399130_out.jpeg\", \"https://iqcarsgermany.azureedge.net/img/CarAttachments\\\\1723384426057.3408OutputFile_1723384399176_out.jpeg\"]', ' 1.5T', '2296', 'White', 'اوتوماتيك', 5, 6, 27.00, 42.00, 30.00, NULL, 'No Paint', 'Sulaymaniyah,Temporary', 5, 'Leather', 'جديد'),
(16, 12, 'ToyotaHighlander2022', '[\"https://iqcarsgermany.azureedge.net/img/CarAttachments\\\\1723381392956.761000060580_out.jpg\", \"https://iqcarsgermany.azureedge.net/img/CarAttachments\\\\1723381396135.57421000060572_out.jpg\", \"https://iqcarsgermany.azureedge.net/img/CarAttachments\\\\1723381401055.4941000060888_out.jpg\", \"https://iqcarsgermany.azureedge.net/img/CarAttachments\\\\1723381392956.761000060580_out.jpg\", \"https://iqcarsgermany.azureedge.net/img/CarAttachments\\\\1723381396135.57421000060572_out.jpg\", \"https://iqcarsgermany.azureedge.net/img/CarAttachments\\\\1723381401055.4941000060888_out.jpg\"]', ' 2.5', '5290', 'Maroon', 'عادي', 4, 6, 17.00, 72.00, 32.00, 'Limited', '1 Part', 'Sulaymaniyah,Temporary', 7, 'Leather', 'مستعمل'),
(17, 12, 'ToyotaLand Cruiser2023', '[\"https://iqcarsgermany.azureedge.net/img/CarAttachments\\\\1723384329548.8774OutputFile_1723384230778_out.jpeg\", \"https://iqcarsgermany.azureedge.net/img/CarAttachments\\\\1723384331131.072OutputFile_1723384230815_out.jpeg\", \"https://iqcarsgermany.azureedge.net/img/CarAttachments\\\\1723384344495.012OutputFile_1723384231082_out.jpeg\", \"https://iqcarsgermany.azureedge.net/img/CarAttachments\\\\1723384329548.8774OutputFile_1723384230778_out.jpeg\", \"https://iqcarsgermany.azureedge.net/img/CarAttachments\\\\1723384331131.072OutputFile_1723384230815_out.jpeg\", \"https://iqcarsgermany.azureedge.net/img/CarAttachments\\\\1723384344495.012OutputFile_1723384231082_out.jpeg\"]', ' 4.0', '2965', 'Black', 'عادي', 4, 5, 24.00, 13.00, 76.00, 'GXR 4.0L full option', 'No Paint', 'Erbil,Private', 7, 'Leather', 'مستعمل'),
(18, 32, 'GMCAcadia2010', '[\"https://iqcarsgermany.azureedge.net/img/CarAttachments\\\\1723386317640.6013image_picker_D8E2B1B1-6126-47A4-96EB-826BCF26271D-51302-000007922B3B6D29.jpg\", \"https://iqcarsgermany.azureedge.net/img/CarAttachments\\\\1723386315586.7944image_picker_24027D59-9A37-4712-AA2D-688431A4EF88-51302-000007920A06BC35.jpg\", \"https://iqcarsgermany.azureedge.net/img/CarAttachments\\\\1723386318350.8052image_picker_26F502B6-343B-42EF-A496-6069DF933A08-51302-00000792415D446E.jpg\", \"https://iqcarsgermany.azureedge.net/img/CarAttachments\\\\1723386317640.6013image_picker_D8E2B1B1-6126-47A4-96EB-826BCF26271D-51302-000007922B3B6D29.jpg\", \"https://iqcarsgermany.azureedge.net/img/CarAttachments\\\\1723386315586.7944image_picker_24027D59-9A37-4712-AA2D-688431A4EF88-51302-000007920A06BC35.jpg\", \"https://iqcarsgermany.azureedge.net/img/CarAttachments\\\\1723386318350.8052image_picker_26F502B6-343B-42EF-A496-6069DF933A08-51302-00000792415D446E.jpg\"]', ' 3.6', '4195', 'White', 'عادي', 4, 6, 61.00, 66.00, 49.00, 'SLT', 'No Paint', 'Erbil,Private', 7, 'Leather', 'مستعمل'),
(19, 7, 'ChevroletTahoe2023', '[\"https://iqcarsgermany.azureedge.net/img/CarAttachments\\\\1723384135269.9495OutputFile_1723384113218_out.jpeg\", \"https://iqcarsgermany.azureedge.net/img/CarAttachments\\\\1723384136763.177OutputFile_1723384113298_out.jpeg\", \"https://iqcarsgermany.azureedge.net/img/CarAttachments\\\\1723384145754.2131OutputFile_1723384113407_out.jpeg\", \"https://iqcarsgermany.azureedge.net/img/CarAttachments\\\\1723384135269.9495OutputFile_1723384113218_out.jpeg\", \"https://iqcarsgermany.azureedge.net/img/CarAttachments\\\\1723384136763.177OutputFile_1723384113298_out.jpeg\", \"https://iqcarsgermany.azureedge.net/img/CarAttachments\\\\1723384145754.2131OutputFile_1723384113407_out.jpeg\"]', ' 5.3', '942', 'Black', 'اوتوماتيك', 4, 6, 35.00, 20.00, 75.00, 'LS', 'No Paint', 'Baghdad,Private', 7, 'Leather', 'مستعمل'),
(20, 49, 'NissanSentra2022', '[\"https://iqcarsgermany.azureedge.net/img/CarAttachments\\\\1723386134457.24171723385874388.JPG\", \"https://iqcarsgermany.azureedge.net/img/CarAttachments\\\\1723386134873.35231723385874445.JPG\", \"https://iqcarsgermany.azureedge.net/img/CarAttachments\\\\1723386136217.1741723385874626.JPG\", \"https://iqcarsgermany.azureedge.net/img/CarAttachments\\\\1723386134457.24171723385874388.JPG\", \"https://iqcarsgermany.azureedge.net/img/CarAttachments\\\\1723386134873.35231723385874445.JPG\", \"https://iqcarsgermany.azureedge.net/img/CarAttachments\\\\1723386136217.1741723385874626.JPG\"]', ' 2.0', '2823', 'Gray', 'عادي', 6, 6, 38.00, 42.00, 87.00, 'SV', '3 PartsSee Photos', 'Erbil,Private', 5, 'Fabric', 'مستعمل'),
(21, 8, 'ChevroletTahoe2022', '[\"https://iqcarsgermany.azureedge.net/img/CarAttachments\\\\1723384046155.3489OutputFile_1723384010795_out.jpeg\", \"https://iqcarsgermany.azureedge.net/img/CarAttachments\\\\1723384044649.5452OutputFile_1723384010901_out.jpeg\", \"https://iqcarsgermany.azureedge.net/img/CarAttachments\\\\1723384056572.8247OutputFile_1723384011047_out.jpeg\", \"https://iqcarsgermany.azureedge.net/img/CarAttachments\\\\1723384046155.3489OutputFile_1723384010795_out.jpeg\", \"https://iqcarsgermany.azureedge.net/img/CarAttachments\\\\1723384044649.5452OutputFile_1723384010901_out.jpeg\", \"https://iqcarsgermany.azureedge.net/img/CarAttachments\\\\1723384056572.8247OutputFile_1723384011047_out.jpeg\"]', ' 5.3', '5610', 'Black', 'عادي', 5, 5, 32.00, 69.00, 59.00, 'Premier', 'No Paint', 'Baghdad,Private', 7, 'Leather', 'مستعمل'),
(22, 36, 'FordFusion2019', '[\"https://iqcarsgermany.azureedge.net/img/CarAttachments\\\\1723385808301.12651723375715753.jpg\", \"https://iqcarsgermany.azureedge.net/img/CarAttachments\\\\1723385809557.23241723375716296.jpg\", \"https://iqcarsgermany.azureedge.net/img/CarAttachments\\\\1723385814250.6626IMG-20240811-WA0015.jpg\", \"https://iqcarsgermany.azureedge.net/img/CarAttachments\\\\1723385808301.12651723375715753.jpg\", \"https://iqcarsgermany.azureedge.net/img/CarAttachments\\\\1723385809557.23241723375716296.jpg\", \"https://iqcarsgermany.azureedge.net/img/CarAttachments\\\\1723385814250.6626IMG-20240811-WA0015.jpg\"]', ' 1.5T', '2985', 'Dark Blue', 'عادي', 4, 5, 77.00, 21.00, 43.00, 'SE', '3 PartsSee Photos', 'Duhok,Private', 5, 'Fabric', 'مستعمل'),
(23, 39, 'ToyotaLand Cruiser2021', '[\"https://iqcarsgermany.azureedge.net/img/CarAttachments\\\\1723383949838.4597OutputFile_1723383889780_out.jpeg\", \"https://iqcarsgermany.azureedge.net/img/CarAttachments\\\\1723383952434.234OutputFile_1723383889907_out.jpeg\", \"https://iqcarsgermany.azureedge.net/img/CarAttachments\\\\1723383976779.1191OutputFile_1723383890114_out.jpeg\", \"https://iqcarsgermany.azureedge.net/img/CarAttachments\\\\1723383949838.4597OutputFile_1723383889780_out.jpeg\", \"https://iqcarsgermany.azureedge.net/img/CarAttachments\\\\1723383952434.234OutputFile_1723383889907_out.jpeg\", \"https://iqcarsgermany.azureedge.net/img/CarAttachments\\\\1723383976779.1191OutputFile_1723383890114_out.jpeg\"]', ' 4.0', '3333', 'White', 'عادي', 6, 5, 51.00, 29.00, 70.00, 'GX', 'No Paint', 'Erbil,Private', 7, 'Fabric', 'مستعمل'),
(24, 18, 'ToyotaCorolla2020', '[\"https://iqcarsgermany.azureedge.net/img/CarAttachments\\\\1723386149145.85521723384888625.JPG\", \"https://iqcarsgermany.azureedge.net/img/CarAttachments\\\\1723386158153.9281723384888735.JPG\", \"https://iqcarsgermany.azureedge.net/img/CarAttachments\\\\1723385048874.35571723373599475.PNG\", \"https://iqcarsgermany.azureedge.net/img/CarAttachments\\\\1723386149145.85521723384888625.JPG\", \"https://iqcarsgermany.azureedge.net/img/CarAttachments\\\\1723386158153.9281723384888735.JPG\", \"https://iqcarsgermany.azureedge.net/img/CarAttachments\\\\1723385048874.35571723373599475.PNG\"]', ' 2.0', '2030', 'Red', 'عادي', 6, 4, 77.00, 73.00, 35.00, 'LE', '4 Parts', 'Erbil,Private', 5, 'Fabric', 'مستعمل'),
(25, 6, 'GMCYukon2022', '[\"https://iqcarsgermany.azureedge.net/img/CarAttachments\\\\1723383951086.1174OutputFile_1723383903664_out.jpeg\", \"https://iqcarsgermany.azureedge.net/img/CarAttachments\\\\1723383949499.402OutputFile_1723383903809_out.jpeg\", \"https://iqcarsgermany.azureedge.net/img/CarAttachments\\\\1723383982702.3396OutputFile_1723383904067_out.jpeg\", \"https://iqcarsgermany.azureedge.net/img/CarAttachments\\\\1723383951086.1174OutputFile_1723383903664_out.jpeg\", \"https://iqcarsgermany.azureedge.net/img/CarAttachments\\\\1723383949499.402OutputFile_1723383903809_out.jpeg\", \"https://iqcarsgermany.azureedge.net/img/CarAttachments\\\\1723383982702.3396OutputFile_1723383904067_out.jpeg\"]', ' 6.2', '5394', 'Black', 'اوتوماتيك', 5, 4, 35.00, 60.00, 98.00, 'Denali', 'No Paint', 'Baghdad,Private', 7, 'Leather', 'مستعمل'),
(26, 12, 'FordEdge2022', '[\"https://iqcarsgermany.azureedge.net/img/CarAttachments\\\\1723384845504.1182OutputFile_1723384819942_out.jpeg\", \"https://iqcarsgermany.azureedge.net/img/CarAttachments\\\\1723384852036.603OutputFile_1723384820047_out.jpeg\", \"https://iqcarsgermany.azureedge.net/img/CarAttachments\\\\1723384862523.8154OutputFile_1723384820149_out.jpeg\", \"https://iqcarsgermany.azureedge.net/img/CarAttachments\\\\1723384845504.1182OutputFile_1723384819942_out.jpeg\", \"https://iqcarsgermany.azureedge.net/img/CarAttachments\\\\1723384852036.603OutputFile_1723384820047_out.jpeg\", \"https://iqcarsgermany.azureedge.net/img/CarAttachments\\\\1723384862523.8154OutputFile_1723384820149_out.jpeg\"]', ' 2.7', '4283', 'Silver', 'عادي', 6, 4, 30.00, 28.00, 41.00, 'SE', '2 Parts', 'Erbil,Temporary', 5, 'Leather', 'مستعمل'),
(27, 12, 'ToyotaLand Cruiser2023', '[\"https://iqcarsgermany.azureedge.net/img/CarAttachments\\\\1723383789668.178OutputFile_1723383717768_out.jpeg\", \"https://iqcarsgermany.azureedge.net/img/CarAttachments\\\\1723383791302.1013OutputFile_1723383717811_out.jpeg\", \"https://iqcarsgermany.azureedge.net/img/CarAttachments\\\\1723383802562.1985OutputFile_1723383717992_out.jpeg\", \"https://iqcarsgermany.azureedge.net/img/CarAttachments\\\\1723383789668.178OutputFile_1723383717768_out.jpeg\", \"https://iqcarsgermany.azureedge.net/img/CarAttachments\\\\1723383791302.1013OutputFile_1723383717811_out.jpeg\", \"https://iqcarsgermany.azureedge.net/img/CarAttachments\\\\1723383802562.1985OutputFile_1723383717992_out.jpeg\"]', ' 4.0', '5015', 'White', 'عادي', 6, 6, 18.00, 50.00, 95.00, 'GXR 4.0L Limited', 'No Paint', 'Erbil,Private', 7, 'Leather', 'مستعمل'),
(28, 29, 'ToyotaLand Cruiser2015', '[\"https://iqcarsgermany.azureedge.net/img/CarAttachments\\\\1723384799145.64481723384758051.jpg\", \"https://iqcarsgermany.azureedge.net/img/CarAttachments\\\\1723384801962.74541723384758951.jpg\", \"https://iqcarsgermany.azureedge.net/img/CarAttachments\\\\1723384806978.0171723384760401.jpg\", \"https://iqcarsgermany.azureedge.net/img/CarAttachments\\\\1723384799145.64481723384758051.jpg\", \"https://iqcarsgermany.azureedge.net/img/CarAttachments\\\\1723384801962.74541723384758951.jpg\", \"https://iqcarsgermany.azureedge.net/img/CarAttachments\\\\1723384806978.0171723384760401.jpg\"]', ' 4.0', '1087', 'White', 'عادي', 5, 5, 48.00, 32.00, 10.00, 'GX.R', 'No Paint', 'Erbil,Private', 7, 'Leather', 'مستعمل'),
(29, 25, 'FordEdge2023', '[\"https://iqcarsgermany.azureedge.net/img/CarAttachments\\\\1723384744098.4285OutputFile_1723384723307_out.jpeg\", \"https://iqcarsgermany.azureedge.net/img/CarAttachments\\\\1723384745619.2844OutputFile_1723384723388_out.jpeg\", \"https://iqcarsgermany.azureedge.net/img/CarAttachments\\\\1723384761066.275OutputFile_1723384723504_out.jpeg\", \"https://iqcarsgermany.azureedge.net/img/CarAttachments\\\\1723384744098.4285OutputFile_1723384723307_out.jpeg\", \"https://iqcarsgermany.azureedge.net/img/CarAttachments\\\\1723384745619.2844OutputFile_1723384723388_out.jpeg\", \"https://iqcarsgermany.azureedge.net/img/CarAttachments\\\\1723384761066.275OutputFile_1723384723504_out.jpeg\"]', ' 2.7', '1087', 'Gray', 'عادي', 6, 4, 31.00, 29.00, 40.00, 'SEL', '1 Part', 'Erbil,Temporary', 5, 'Leather', 'مستعمل'),
(30, 40, 'HyundaiElantra2024', '[\"https://iqcarsgermany.azureedge.net/img/CarAttachments\\\\1723384733101.20481723384723324.JPG\", \"https://iqcarsgermany.azureedge.net/img/CarAttachments\\\\1723384736927.88231723384723532.JPG\", \"https://iqcarsgermany.azureedge.net/img/CarAttachments\\\\1723384738472.21071723384723605.JPG\", \"https://iqcarsgermany.azureedge.net/img/CarAttachments\\\\1723384733101.20481723384723324.JPG\", \"https://iqcarsgermany.azureedge.net/img/CarAttachments\\\\1723384736927.88231723384723532.JPG\", \"https://iqcarsgermany.azureedge.net/img/CarAttachments\\\\1723384738472.21071723384723605.JPG\"]', ' 1.5', '1957', 'White', 'اوتوماتيك', 5, 6, 14.00, 30.00, 11.00, 'Limited', 'No Paint', 'Erbil,Temporary', 5, 'Leather', 'مستعمل'),
(31, 3, 'FordEdge2022', '[\"https://iqcarsgermany.azureedge.net/img/CarAttachments\\\\1723384639746.3645OutputFile_1723384611063_out.jpeg\", \"https://iqcarsgermany.azureedge.net/img/CarAttachments\\\\1723384640943.7563OutputFile_1723384611156_out.jpeg\", \"https://iqcarsgermany.azureedge.net/img/CarAttachments\\\\1723384662501.65OutputFile_1723384611293_out.jpeg\", \"https://iqcarsgermany.azureedge.net/img/CarAttachments\\\\1723384639746.3645OutputFile_1723384611063_out.jpeg\", \"https://iqcarsgermany.azureedge.net/img/CarAttachments\\\\1723384640943.7563OutputFile_1723384611156_out.jpeg\", \"https://iqcarsgermany.azureedge.net/img/CarAttachments\\\\1723384662501.65OutputFile_1723384611293_out.jpeg\"]', ' 2.7', '846', 'Silver', 'اوتوماتيك', 5, 6, 44.00, 86.00, 19.00, 'SEL', '2 Parts', 'Erbil,Temporary', 5, 'Leather', 'مستعمل'),
(32, 55, 'FordEdge2022', '[\"https://iqcarsgermany.azureedge.net/img/CarAttachments\\\\1723384517850.9504OutputFile_1723384468352_out.jpeg\", \"https://iqcarsgermany.azureedge.net/img/CarAttachments\\\\1723384525330.9153OutputFile_1723384468464_out.jpeg\", \"https://iqcarsgermany.azureedge.net/img/CarAttachments\\\\1723384537073.0496OutputFile_1723384468581_out.jpeg\", \"https://iqcarsgermany.azureedge.net/img/CarAttachments\\\\1723384517850.9504OutputFile_1723384468352_out.jpeg\", \"https://iqcarsgermany.azureedge.net/img/CarAttachments\\\\1723384525330.9153OutputFile_1723384468464_out.jpeg\", \"https://iqcarsgermany.azureedge.net/img/CarAttachments\\\\1723384537073.0496OutputFile_1723384468581_out.jpeg\"]', ' 2.7', '3596', 'White', 'عادي', 6, 6, 98.00, 63.00, 11.00, 'SEL', 'No Paint', 'Erbil,Temporary', 5, 'Leather', 'مستعمل'),
(33, 36, 'ToyotaLand Cruiser2014', '[\"https://iqcarsgermany.azureedge.net/img/CarAttachments\\\\1723383794777.43851723383781127.jpg\", \"https://iqcarsgermany.azureedge.net/img/CarAttachments\\\\1723383798296.77251723383782070.jpg\", \"https://iqcarsgermany.azureedge.net/img/CarAttachments\\\\1723383803283.38481723383783521.jpg\", \"https://iqcarsgermany.azureedge.net/img/CarAttachments\\\\1723383794777.43851723383781127.jpg\", \"https://iqcarsgermany.azureedge.net/img/CarAttachments\\\\1723383798296.77251723383782070.jpg\", \"https://iqcarsgermany.azureedge.net/img/CarAttachments\\\\1723383803283.38481723383783521.jpg\"]', ' 4.0', '4305', 'White', 'عادي', 6, 5, 39.00, 60.00, 84.00, 'GX.R', 'No Paint', 'Duhok,Private', 7, 'Fabric', 'مستعمل'),
(34, 47, 'ToyotaLand Cruiser2022', '[\"https://iqcarsgermany.azureedge.net/img/CarAttachments\\\\1723383635993.061OutputFile_1723383581976_out.jpeg\", \"https://iqcarsgermany.azureedge.net/img/CarAttachments\\\\1723383637481.641OutputFile_1723383582096_out.jpeg\", \"https://iqcarsgermany.azureedge.net/img/CarAttachments\\\\1723383654744.864OutputFile_1723383582386_out.jpeg\", \"https://iqcarsgermany.azureedge.net/img/CarAttachments\\\\1723383635993.061OutputFile_1723383581976_out.jpeg\", \"https://iqcarsgermany.azureedge.net/img/CarAttachments\\\\1723383637481.641OutputFile_1723383582096_out.jpeg\", \"https://iqcarsgermany.azureedge.net/img/CarAttachments\\\\1723383654744.864OutputFile_1723383582386_out.jpeg\"]', ' 3.5T', '5060', 'White', 'عادي', 5, 6, 50.00, 81.00, 63.00, 'G-XR Twin-Turbo', 'No Paint', 'Erbil,Private', 7, 'Leather', 'مستعمل'),
(35, 12, 'JetourT22025', '[\"https://iqcarsgermany.azureedge.net/img/CarAttachments\\\\1723384111391.21751723383415629.jpg\", \"https://iqcarsgermany.azureedge.net/img/CarAttachments\\\\1723384118316.59131723383419030.jpg\", \"https://iqcarsgermany.azureedge.net/img/CarAttachments\\\\1723383440943.23171723383419786.jpg\", \"https://iqcarsgermany.azureedge.net/img/CarAttachments\\\\1723384111391.21751723383415629.jpg\", \"https://iqcarsgermany.azureedge.net/img/CarAttachments\\\\1723384118316.59131723383419030.jpg\", \"https://iqcarsgermany.azureedge.net/img/CarAttachments\\\\1723383440943.23171723383419786.jpg\"]', ' 2.0T', '1247', 'Black', 'اوتوماتيك', 5, 6, 64.00, 32.00, 47.00, NULL, 'No Paint', 'Erbil,Temporary', 5, 'Leather', 'مستعمل'),
(36, 21, 'VolkswagenPassat2022', '[\"https://iqcarsgermany.azureedge.net/img/CarAttachments\\\\1723383590740.0581723383532325.jpg\", \"https://iqcarsgermany.azureedge.net/img/CarAttachments\\\\1723383592112.18071723383532521.jpg\", \"https://iqcarsgermany.azureedge.net/img/CarAttachments\\\\1723383600030.68531723383533741.jpg\", \"https://iqcarsgermany.azureedge.net/img/CarAttachments\\\\1723383590740.0581723383532325.jpg\", \"https://iqcarsgermany.azureedge.net/img/CarAttachments\\\\1723383592112.18071723383532521.jpg\", \"https://iqcarsgermany.azureedge.net/img/CarAttachments\\\\1723383600030.68531723383533741.jpg\"]', ' 2.0T', '1755', 'White', 'عادي', 5, 6, 39.00, 46.00, 12.00, 'R-line', '1 Part', 'Erbil,Private', 5, 'Leather', 'مستعمل'),
(37, 18, 'DodgeCharger2018', '[\"https://iqcarsgermany.azureedge.net/img/CarAttachments\\\\1723384017698.38651723381630929.jpg\", \"https://iqcarsgermany.azureedge.net/img/CarAttachments\\\\1723383219437.6821723383083012.jpg\", \"https://iqcarsgermany.azureedge.net/img/CarAttachments\\\\1723383218503.69431723381978765.PNG\", \"https://iqcarsgermany.azureedge.net/img/CarAttachments\\\\1723384017698.38651723381630929.jpg\", \"https://iqcarsgermany.azureedge.net/img/CarAttachments\\\\1723383219437.6821723383083012.jpg\", \"https://iqcarsgermany.azureedge.net/img/CarAttachments\\\\1723383218503.69431723381978765.PNG\"]', ' 3.6', '4813', 'Sandy Taupe', 'عادي', 4, 5, 94.00, 66.00, 35.00, 'SXT', '1 PartSee Photos', 'Erbil,Private', 5, 'Fabric', 'مستعمل'),
(38, 1, 'FordEscape2022', '[\"https://iqcarsgermany.azureedge.net/img/CarAttachments\\\\1723383503042.9873OutputFile_1723383482965_out.jpeg\", \"https://iqcarsgermany.azureedge.net/img/CarAttachments\\\\1723383508982.6604OutputFile_1723383483030_out.jpeg\", \"https://iqcarsgermany.azureedge.net/img/CarAttachments\\\\1723383511969.049OutputFile_1723383483073_out.jpeg\", \"https://iqcarsgermany.azureedge.net/img/CarAttachments\\\\1723383503042.9873OutputFile_1723383482965_out.jpeg\", \"https://iqcarsgermany.azureedge.net/img/CarAttachments\\\\1723383508982.6604OutputFile_1723383483030_out.jpeg\", \"https://iqcarsgermany.azureedge.net/img/CarAttachments\\\\1723383511969.049OutputFile_1723383483073_out.jpeg\"]', ' 1.5T', '2204', 'Gray', 'عادي', 6, 5, 59.00, 92.00, 92.00, 'SEL', NULL, 'Sulaymaniyah,Temporary', 5, 'Leather', 'مستعمل'),
(39, 57, 'VolkswagenTiguan2020', '[\"https://iqcarsgermany.azureedge.net/img/CarAttachments\\\\1723383826890.34721000099683_out.jpg\", \"https://iqcarsgermany.azureedge.net/img/CarAttachments\\\\1723383841277.85961000099694_out.jpg\", \"https://iqcarsgermany.azureedge.net/img/CarAttachments\\\\1723383085901.0761000099696_out.jpg\", \"https://iqcarsgermany.azureedge.net/img/CarAttachments\\\\1723383826890.34721000099683_out.jpg\", \"https://iqcarsgermany.azureedge.net/img/CarAttachments\\\\1723383841277.85961000099694_out.jpg\", \"https://iqcarsgermany.azureedge.net/img/CarAttachments\\\\1723383085901.0761000099696_out.jpg\"]', ' 2.0', '1819', 'White', 'عادي', 6, 5, 85.00, 47.00, 64.00, 'SE R-Line Black', 'No Paint', 'Erbil,Private', 7, 'Leather', 'مستعمل'),
(40, 17, 'ToyotaLand Cruiser2022', '[\"https://iqcarsgermany.azureedge.net/img/CarAttachments\\\\1723383480878.827OutputFile_1723383430379_out.jpeg\", \"https://iqcarsgermany.azureedge.net/img/CarAttachments\\\\1723383482600.735OutputFile_1723383430418_out.jpeg\", \"https://iqcarsgermany.azureedge.net/img/CarAttachments\\\\1723383496142.08OutputFile_1723383430618_out.jpeg\", \"https://iqcarsgermany.azureedge.net/img/CarAttachments\\\\1723383480878.827OutputFile_1723383430379_out.jpeg\", \"https://iqcarsgermany.azureedge.net/img/CarAttachments\\\\1723383482600.735OutputFile_1723383430418_out.jpeg\", \"https://iqcarsgermany.azureedge.net/img/CarAttachments\\\\1723383496142.08OutputFile_1723383430618_out.jpeg\"]', ' 4.0', '2264', 'White', 'اوتوماتيك', 4, 4, 77.00, 93.00, 47.00, 'G-XR 4L', 'No Paint', 'Sulaymaniyah,Private', 7, 'Fabric', 'مستعمل'),
(41, 56, 'Mercedes-BenzC-Class2018', '[\"https://iqcarsgermany.azureedge.net/img/CarAttachments\\\\1723383737260.58351723383041350.jpg\", \"https://iqcarsgermany.azureedge.net/img/CarAttachments\\\\1723383755665.3611723383041716.jpg\", \"https://iqcarsgermany.azureedge.net/img/CarAttachments\\\\1723383059842.16651723383043302.jpg\", \"https://iqcarsgermany.azureedge.net/img/CarAttachments\\\\1723383737260.58351723383041350.jpg\", \"https://iqcarsgermany.azureedge.net/img/CarAttachments\\\\1723383755665.3611723383041716.jpg\", \"https://iqcarsgermany.azureedge.net/img/CarAttachments\\\\1723383059842.16651723383043302.jpg\"]', ' 2.0', '5646', 'White', 'اوتوماتيك', 5, 4, 36.00, 27.00, 21.00, 'C300', '1 Part', 'Erbil,Private', 5, 'Leather', 'مستعمل'),
(42, 1, 'VolkswagenJetta2022', '[\"https://iqcarsgermany.azureedge.net/img/CarAttachments\\\\1723383347487.4436OutputFile_1723383326261_out.jpeg\", \"https://iqcarsgermany.azureedge.net/img/CarAttachments\\\\1723383350255.3633OutputFile_1723383326336_out.jpeg\", \"https://iqcarsgermany.azureedge.net/img/CarAttachments\\\\1723383357984.4597OutputFile_1723383326355_out.jpeg\", \"https://iqcarsgermany.azureedge.net/img/CarAttachments\\\\1723383347487.4436OutputFile_1723383326261_out.jpeg\", \"https://iqcarsgermany.azureedge.net/img/CarAttachments\\\\1723383350255.3633OutputFile_1723383326336_out.jpeg\", \"https://iqcarsgermany.azureedge.net/img/CarAttachments\\\\1723383357984.4597OutputFile_1723383326355_out.jpeg\"]', ' 1.5T', '4840', 'Black', 'اوتوماتيك', 6, 5, 13.00, 81.00, 86.00, NULL, '1 Part', 'Sulaymaniyah,Temporary', 5, 'Fabric', 'مستعمل'),
(43, 16, 'NissanKicks2020', '[\"https://iqcarsgermany.azureedge.net/img/CarAttachments\\\\1723381578506.9361723381007638.JPG\", \"https://iqcarsgermany.azureedge.net/img/CarAttachments\\\\1723381577557.94141723381007413.JPG\", \"https://iqcarsgermany.azureedge.net/img/CarAttachments\\\\1723381577785.12331723381007494.JPG\", \"https://iqcarsgermany.azureedge.net/img/CarAttachments\\\\1723381578506.9361723381007638.JPG\", \"https://iqcarsgermany.azureedge.net/img/CarAttachments\\\\1723381577557.94141723381007413.JPG\", \"https://iqcarsgermany.azureedge.net/img/CarAttachments\\\\1723381577785.12331723381007494.JPG\"]', ' 1.6', '1582', 'Maroon', 'عادي', 5, 4, 90.00, 91.00, 86.00, 'SV', '2 PartsSee Photos', 'Erbil,Private', 5, 'Fabric', 'مستعمل'),
(44, 17, 'ToyotaLand Cruiser2023', '[\"https://iqcarsgermany.azureedge.net/img/CarAttachments\\\\1723383345240.0647OutputFile_1723383261706_out.jpeg\", \"https://iqcarsgermany.azureedge.net/img/CarAttachments\\\\1723383347359.0735OutputFile_1723383261737_out.jpeg\", \"https://iqcarsgermany.azureedge.net/img/CarAttachments\\\\1723383369220.9775OutputFile_1723383261947_out.jpeg\", \"https://iqcarsgermany.azureedge.net/img/CarAttachments\\\\1723383345240.0647OutputFile_1723383261706_out.jpeg\", \"https://iqcarsgermany.azureedge.net/img/CarAttachments\\\\1723383347359.0735OutputFile_1723383261737_out.jpeg\", \"https://iqcarsgermany.azureedge.net/img/CarAttachments\\\\1723383369220.9775OutputFile_1723383261947_out.jpeg\"]', ' 4.0', '4088', 'White', 'اوتوماتيك', 5, 4, 58.00, 22.00, 18.00, 'GXR 4.0L Limited', 'No Paint', 'Erbil,Private', 7, 'Leather', 'مستعمل'),
(45, 2, 'FordExplorer2021', '[\"https://iqcarsgermany.azureedge.net/img/CarAttachments\\\\1723381395947.37061000052927_out.jpg\", \"https://iqcarsgermany.azureedge.net/img/CarAttachments\\\\1723381396560.21441000052918_out.jpg\", \"https://iqcarsgermany.azureedge.net/img/CarAttachments\\\\1723381399176.25981000052903_out.jpg\", \"https://iqcarsgermany.azureedge.net/img/CarAttachments\\\\1723381395947.37061000052927_out.jpg\", \"https://iqcarsgermany.azureedge.net/img/CarAttachments\\\\1723381396560.21441000052918_out.jpg\", \"https://iqcarsgermany.azureedge.net/img/CarAttachments\\\\1723381399176.25981000052903_out.jpg\"]', ' 3.0T', '4556', 'Gray', 'عادي', 5, 6, 15.00, 99.00, 80.00, 'ST', 'No Paint', 'Erbil,Private', 7, 'Leather', 'مستعمل'),
(46, 36, 'MazdaCX-302022', '[\"https://iqcarsgermany.azureedge.net/img/CarAttachments\\\\1723383084068.9707OutputFile_1723383059284_out.jpeg\", \"https://iqcarsgermany.azureedge.net/img/CarAttachments\\\\1723383087139.743OutputFile_1723383059396_out.jpeg\", \"https://iqcarsgermany.azureedge.net/img/CarAttachments\\\\1723383090290.6846OutputFile_1723383059440_out.jpeg\", \"https://iqcarsgermany.azureedge.net/img/CarAttachments\\\\1723383084068.9707OutputFile_1723383059284_out.jpeg\", \"https://iqcarsgermany.azureedge.net/img/CarAttachments\\\\1723383087139.743OutputFile_1723383059396_out.jpeg\", \"https://iqcarsgermany.azureedge.net/img/CarAttachments\\\\1723383090290.6846OutputFile_1723383059440_out.jpeg\"]', ' 2.5', '4839', 'White', 'اوتوماتيك', 5, 4, 95.00, 45.00, 21.00, NULL, 'No Paint', 'Sulaymaniyah,Private', 5, 'Leather', 'مستعمل'),
(47, 46, 'JeepGrand Cherokee2021', '[\"https://iqcarsgermany.azureedge.net/img/CarAttachments\\\\1723380899659.48021723380878784.jpg\", \"https://iqcarsgermany.azureedge.net/img/CarAttachments\\\\1723380902656.08521723380879648.jpg\", \"https://iqcarsgermany.azureedge.net/img/CarAttachments\\\\1723380908383.30371723380881099.jpg\", \"https://iqcarsgermany.azureedge.net/img/CarAttachments\\\\1723380899659.48021723380878784.jpg\", \"https://iqcarsgermany.azureedge.net/img/CarAttachments\\\\1723380902656.08521723380879648.jpg\", \"https://iqcarsgermany.azureedge.net/img/CarAttachments\\\\1723380908383.30371723380881099.jpg\"]', ' 3.6', '4849', 'Gray', 'اوتوماتيك', 5, 5, 49.00, 84.00, 82.00, 'Black top', 'Clean Title', 'Duhok,Private', 5, 'Leather', 'مستعمل'),
(48, 38, 'ToyotaLand Cruiser2017', '[\"https://iqcarsgermany.azureedge.net/img/CarAttachments\\\\1723383053270.965OutputFile_1723382974420_out.jpeg\", \"https://iqcarsgermany.azureedge.net/img/CarAttachments\\\\1723383055497.5205OutputFile_1723382974497_out.jpeg\", \"https://iqcarsgermany.azureedge.net/img/CarAttachments\\\\1723383071035.4832OutputFile_1723382974779_out.jpeg\", \"https://iqcarsgermany.azureedge.net/img/CarAttachments\\\\1723383053270.965OutputFile_1723382974420_out.jpeg\", \"https://iqcarsgermany.azureedge.net/img/CarAttachments\\\\1723383055497.5205OutputFile_1723382974497_out.jpeg\", \"https://iqcarsgermany.azureedge.net/img/CarAttachments\\\\1723383071035.4832OutputFile_1723382974779_out.jpeg\"]', ' 4.7', '4049', 'White', 'اوتوماتيك', 6, 4, 59.00, 38.00, 94.00, 'GX.R', 'No Paint', 'Erbil,Private', 7, 'Leather', 'مستعمل'),
(49, 27, 'ChanganUNI-T2023', '[\"https://iqcarsgermany.azureedge.net/img/CarAttachments\\\\1723382858120.23361000061000_out.jpg\", \"https://iqcarsgermany.azureedge.net/img/CarAttachments\\\\1723382865158.45871000061001_out.jpg\", \"https://iqcarsgermany.azureedge.net/img/CarAttachments\\\\1723380736327.26371000061031_out.jpg\", \"https://iqcarsgermany.azureedge.net/img/CarAttachments\\\\1723382858120.23361000061000_out.jpg\", \"https://iqcarsgermany.azureedge.net/img/CarAttachments\\\\1723382865158.45871000061001_out.jpg\", \"https://iqcarsgermany.azureedge.net/img/CarAttachments\\\\1723380736327.26371000061031_out.jpg\"]', ' 1.5T', '5480', 'Blue', 'اوتوماتيك', 6, 4, 76.00, 89.00, 28.00, NULL, 'No Paint', 'Baghdad,Private', 5, 'Leather', 'مستعمل'),
(50, 56, 'ToyotaLand Cruiser2024', '[\"https://iqcarsgermany.azureedge.net/img/CarAttachments\\\\1723382926573.706OutputFile_1723382907707_out.jpeg\", \"https://iqcarsgermany.azureedge.net/img/CarAttachments\\\\1723382928339.059OutputFile_1723382907804_out.jpeg\", \"https://iqcarsgermany.azureedge.net/img/CarAttachments\\\\1723382938845.9827OutputFile_1723382907981_out.jpeg\", \"https://iqcarsgermany.azureedge.net/img/CarAttachments\\\\1723382926573.706OutputFile_1723382907707_out.jpeg\", \"https://iqcarsgermany.azureedge.net/img/CarAttachments\\\\1723382928339.059OutputFile_1723382907804_out.jpeg\", \"https://iqcarsgermany.azureedge.net/img/CarAttachments\\\\1723382938845.9827OutputFile_1723382907981_out.jpeg\"]', ' 4.0', '4115', 'White', 'عادي', 6, 6, 43.00, 30.00, 13.00, 'GXR 4.0L full option', 'No Paint', 'Baghdad,Private', 7, 'Fabric', 'جديد'),
(51, 24, 'NissanRogue2023', '[\"https://iqcarsgermany.azureedge.net/img/CarAttachments\\\\1723380632398.70681000041182_out.jpg\", \"https://iqcarsgermany.azureedge.net/img/CarAttachments\\\\1723380637968.85571000041186_out.jpg\", \"https://iqcarsgermany.azureedge.net/img/CarAttachments\\\\1723380640793.0451000041206_out.jpg\", \"https://iqcarsgermany.azureedge.net/img/CarAttachments\\\\1723380632398.70681000041182_out.jpg\", \"https://iqcarsgermany.azureedge.net/img/CarAttachments\\\\1723380637968.85571000041186_out.jpg\", \"https://iqcarsgermany.azureedge.net/img/CarAttachments\\\\1723380640793.0451000041206_out.jpg\"]', ' 1.5T', '3917', 'Black', 'اوتوماتيك', 4, 6, 55.00, 48.00, 66.00, 'SV', '1 Part', 'Erbil,Private', 5, 'Fabric', 'مستعمل'),
(52, 16, 'ToyotaLand Cruiser2024', '[\"https://iqcarsgermany.azureedge.net/img/CarAttachments\\\\1723382841064.2444OutputFile_1723382823036_out.jpeg\", \"https://iqcarsgermany.azureedge.net/img/CarAttachments\\\\1723382839554.834OutputFile_1723382823171_out.jpeg\", \"https://iqcarsgermany.azureedge.net/img/CarAttachments\\\\1723382843988.2349OutputFile_1723382823218_out.jpeg\", \"https://iqcarsgermany.azureedge.net/img/CarAttachments\\\\1723382841064.2444OutputFile_1723382823036_out.jpeg\", \"https://iqcarsgermany.azureedge.net/img/CarAttachments\\\\1723382839554.834OutputFile_1723382823171_out.jpeg\", \"https://iqcarsgermany.azureedge.net/img/CarAttachments\\\\1723382843988.2349OutputFile_1723382823218_out.jpeg\"]', ' 3.5T', '1560', 'White', 'اوتوماتيك', 5, 5, 85.00, 39.00, 19.00, 'VXR twin turbo', 'No Paint', 'Baghdad,Private', 7, 'Leather', 'جديد'),
(53, 20, 'FordFigo2016', '[\"https://iqcarsgermany.azureedge.net/img/CarAttachments\\\\1723380444826.3225image_picker_51AF37AA-F91B-47B2-ADD9-8D04258FB3A4-33818-0000077A30BF55DE.jpg\", \"https://iqcarsgermany.azureedge.net/img/CarAttachments\\\\1723380442369.7769image_picker_FF0F1F05-9AAE-4BDE-A9B8-926602CB9C29-33818-0000077A11A4EC0D.jpg\", \"https://iqcarsgermany.azureedge.net/img/CarAttachments\\\\1723380446794.1545image_picker_51B20993-FD98-441A-A589-A763B944CE8F-33818-0000077A3BB9B9DE.jpg\", \"https://iqcarsgermany.azureedge.net/img/CarAttachments\\\\1723380444826.3225image_picker_51AF37AA-F91B-47B2-ADD9-8D04258FB3A4-33818-0000077A30BF55DE.jpg\", \"https://iqcarsgermany.azureedge.net/img/CarAttachments\\\\1723380442369.7769image_picker_FF0F1F05-9AAE-4BDE-A9B8-926602CB9C29-33818-0000077A11A4EC0D.jpg\", \"https://iqcarsgermany.azureedge.net/img/CarAttachments\\\\1723380446794.1545image_picker_51B20993-FD98-441A-A589-A763B944CE8F-33818-0000077A3BB9B9DE.jpg\"]', ' 1.6', '1287', 'White', 'اوتوماتيك', 6, 5, 58.00, 43.00, 32.00, NULL, '2 Parts', 'Erbil,Private', 5, 'Fabric', 'مستعمل'),
(54, 23, 'FordF-1502019', '[\"https://iqcarsgermany.azureedge.net/img/CarAttachments\\\\1723382339782.913OutputFile_1723382284318_out.jpeg\", \"https://iqcarsgermany.azureedge.net/img/CarAttachments\\\\1723382343055.3809OutputFile_1723382284424_out.jpeg\", \"https://iqcarsgermany.azureedge.net/img/CarAttachments\\\\1723382344443.7488OutputFile_1723382284495_out.jpeg\", \"https://iqcarsgermany.azureedge.net/img/CarAttachments\\\\1723382339782.913OutputFile_1723382284318_out.jpeg\", \"https://iqcarsgermany.azureedge.net/img/CarAttachments\\\\1723382343055.3809OutputFile_1723382284424_out.jpeg\", \"https://iqcarsgermany.azureedge.net/img/CarAttachments\\\\1723382344443.7488OutputFile_1723382284495_out.jpeg\"]', ' 2.7', '1537', 'White', 'اوتوماتيك', 6, 5, 20.00, 86.00, 91.00, 'Limited', 'Clean Title', 'Sulaymaniyah,Commercial', 5, 'Leather', 'مستعمل'),
(55, 54, 'JeepGladiator2022', '[\"https://iqcarsgermany.azureedge.net/img/CarAttachments\\\\1723382717941.58941723379882688.JPG\", \"https://iqcarsgermany.azureedge.net/img/CarAttachments\\\\1723382726341.77691723379882876.JPG\", \"https://iqcarsgermany.azureedge.net/img/CarAttachments\\\\1723380075130.4921723379883142.jpg\", \"https://iqcarsgermany.azureedge.net/img/CarAttachments\\\\1723382717941.58941723379882688.JPG\", \"https://iqcarsgermany.azureedge.net/img/CarAttachments\\\\1723382726341.77691723379882876.JPG\", \"https://iqcarsgermany.azureedge.net/img/CarAttachments\\\\1723380075130.4921723379883142.jpg\"]', ' 3.6', '3602', 'Green', 'عادي', 4, 6, 98.00, 25.00, 93.00, 'Willys', '1 PartSee Photos', 'Sulaymaniyah,Temporary', 5, 'Leather', 'مستعمل'),
(56, 36, 'DodgeChallenger2022', '[\"https://iqcarsgermany.azureedge.net/img/CarAttachments\\\\1723382219498.4468OutputFile_1723382068758_out.jpeg\", \"https://iqcarsgermany.azureedge.net/img/CarAttachments\\\\1723382220888.985OutputFile_1723382068891_out.jpeg\", \"https://iqcarsgermany.azureedge.net/img/CarAttachments\\\\1723382226679.4873OutputFile_1723382068872_out.jpeg\", \"https://iqcarsgermany.azureedge.net/img/CarAttachments\\\\1723382219498.4468OutputFile_1723382068758_out.jpeg\", \"https://iqcarsgermany.azureedge.net/img/CarAttachments\\\\1723382220888.985OutputFile_1723382068891_out.jpeg\", \"https://iqcarsgermany.azureedge.net/img/CarAttachments\\\\1723382226679.4873OutputFile_1723382068872_out.jpeg\"]', ' 3.6', '2264', 'Black', 'عادي', 5, 6, 22.00, 91.00, 20.00, 'GT', '2 Parts', 'Sulaymaniyah,Private', 4, 'Leather', 'مستعمل'),
(57, 49, 'KiaSportage2021', '[\"https://iqcarsgermany.azureedge.net/img/CarAttachments\\\\1723382685477.17041723228950515.JPG\", \"https://iqcarsgermany.azureedge.net/img/CarAttachments\\\\1723379769254.42941723228950451.JPG\", \"https://iqcarsgermany.azureedge.net/img/CarAttachments\\\\1723379771055.19731723228950724.JPG\", \"https://iqcarsgermany.azureedge.net/img/CarAttachments\\\\1723382685477.17041723228950515.JPG\", \"https://iqcarsgermany.azureedge.net/img/CarAttachments\\\\1723379769254.42941723228950451.JPG\", \"https://iqcarsgermany.azureedge.net/img/CarAttachments\\\\1723379771055.19731723228950724.JPG\"]', ' 2.0', '292', 'White', 'عادي', 6, 4, 85.00, 88.00, 86.00, NULL, 'Clean Title', 'Baghdad,Private', 5, 'Fabric', 'مستعمل'),
(58, 32, 'NissanPatrol2020', '[\"https://iqcarsgermany.azureedge.net/img/CarAttachments\\\\1723378632182.5542OutputFile_1723378615123_out.jpeg\", \"https://iqcarsgermany.azureedge.net/img/CarAttachments\\\\1723378633313.3489OutputFile_1723378615150_out.jpeg\", \"https://iqcarsgermany.azureedge.net/img/CarAttachments\\\\1723378635511.1753OutputFile_1723378615211_out.jpeg\", \"https://iqcarsgermany.azureedge.net/img/CarAttachments\\\\1723378632182.5542OutputFile_1723378615123_out.jpeg\", \"https://iqcarsgermany.azureedge.net/img/CarAttachments\\\\1723378633313.3489OutputFile_1723378615150_out.jpeg\", \"https://iqcarsgermany.azureedge.net/img/CarAttachments\\\\1723378635511.1753OutputFile_1723378615211_out.jpeg\"]', ' 4.0', '5367', 'Black', 'عادي', 6, 6, 65.00, 58.00, 87.00, 'SE', 'No Paint', 'Sulaymaniyah,Private', 5, 'Leather', 'مستعمل'),
(59, 23, 'BMW7-Series2022', '[\"https://iqcarsgermany.azureedge.net/img/CarAttachments\\\\1723379766289.95731723379682846.jpg\", \"https://iqcarsgermany.azureedge.net/img/CarAttachments\\\\1723379768624.27931723379683386.jpg\", \"https://iqcarsgermany.azureedge.net/img/CarAttachments\\\\1723379773350.2507image_picker_E151CB20-AA03-41B3-AE39-ADE2C2896955-10061-00000176ECFF3878.jpg\", \"https://iqcarsgermany.azureedge.net/img/CarAttachments\\\\1723379766289.95731723379682846.jpg\", \"https://iqcarsgermany.azureedge.net/img/CarAttachments\\\\1723379768624.27931723379683386.jpg\", \"https://iqcarsgermany.azureedge.net/img/CarAttachments\\\\1723379773350.2507image_picker_E151CB20-AA03-41B3-AE39-ADE2C2896955-10061-00000176ECFF3878.jpg\"]', ' 3.0', '3902', 'White', 'عادي', 6, 6, 72.00, 89.00, 41.00, '740', 'Clean Title', 'Duhok,Temporary', 5, 'Leather', 'مستعمل'),
(60, 17, 'ToyotaAvalon2022', '[\"https://iqcarsgermany.azureedge.net/img/CarAttachments\\\\1723377974278.5833OutputFile_1723377960412_out.jpeg\", \"https://iqcarsgermany.azureedge.net/img/CarAttachments\\\\1723377976147.2424OutputFile_1723377960548_out.jpeg\", \"https://iqcarsgermany.azureedge.net/img/CarAttachments\\\\1723377990914.9644OutputFile_1723377960637_out.jpeg\", \"https://iqcarsgermany.azureedge.net/img/CarAttachments\\\\1723377974278.5833OutputFile_1723377960412_out.jpeg\", \"https://iqcarsgermany.azureedge.net/img/CarAttachments\\\\1723377976147.2424OutputFile_1723377960548_out.jpeg\", \"https://iqcarsgermany.azureedge.net/img/CarAttachments\\\\1723377990914.9644OutputFile_1723377960637_out.jpeg\"]', ' 3.5', '3193', 'White', 'عادي', 4, 5, 16.00, 37.00, 40.00, 'Limited', 'No Paint', 'Sulaymaniyah,Private', 5, 'Leather', 'مستعمل');
INSERT INTO `car` (`id`, `branch_id`, `title`, `images`, `engine`, `mileage`, `color`, `transmission`, `doors`, `seats`, `price_per_day`, `price_per_hour`, `price_per_month`, `trim`, `paint_parts`, `plate`, `seat_number`, `seat_material`, `condition`) VALUES
(61, 3, 'DodgeCharger2021', '[\"https://iqcarsgermany.azureedge.net/img/CarAttachments\\\\1723382584321.61771723377267802.jpg\", \"https://iqcarsgermany.azureedge.net/img/CarAttachments\\\\1723382616351.3381WhatsAppImage2024-08-11at15.26.54_79d569b0.jpg\", \"https://iqcarsgermany.azureedge.net/img/CarAttachments\\\\1723379399856.3741723377267987.jpg\", \"https://iqcarsgermany.azureedge.net/img/CarAttachments\\\\1723382584321.61771723377267802.jpg\", \"https://iqcarsgermany.azureedge.net/img/CarAttachments\\\\1723382616351.3381WhatsAppImage2024-08-11at15.26.54_79d569b0.jpg\", \"https://iqcarsgermany.azureedge.net/img/CarAttachments\\\\1723379399856.3741723377267987.jpg\"]', ' 3.6', '4038', 'Brown', 'اوتوماتيك', 4, 5, 79.00, 84.00, 86.00, 'GT', '1 PartSee Photos', 'Erbil,Private', 5, 'Fabric', 'مستعمل'),
(62, 48, 'Land RoverRange Rover Sport2022', '[\"https://iqcarsgermany.azureedge.net/img/CarAttachments\\\\1723377909301.7231OutputFile_1723377832567_out.jpeg\", \"https://iqcarsgermany.azureedge.net/img/CarAttachments\\\\1723377927463.424OutputFile_1723377832604_out.jpeg\", \"https://iqcarsgermany.azureedge.net/img/CarAttachments\\\\1723377934752.7637OutputFile_1723377832687_out.jpeg\", \"https://iqcarsgermany.azureedge.net/img/CarAttachments\\\\1723377909301.7231OutputFile_1723377832567_out.jpeg\", \"https://iqcarsgermany.azureedge.net/img/CarAttachments\\\\1723377927463.424OutputFile_1723377832604_out.jpeg\", \"https://iqcarsgermany.azureedge.net/img/CarAttachments\\\\1723377934752.7637OutputFile_1723377832687_out.jpeg\"]', ' 5.0', '4934', 'Black', 'اوتوماتيك', 6, 5, 77.00, 26.00, 70.00, 'Supercharged Autobiography', 'No Paint', 'Sulaymaniyah,Private', 5, 'Leather', 'مستعمل'),
(63, 13, 'NissanVersa2020', '[\"https://iqcarsgermany.azureedge.net/img/CarAttachments\\\\1723382348872.83131723378732034.JPG\", \"https://iqcarsgermany.azureedge.net/img/CarAttachments\\\\1723382367677.0721723378732174.JPG\", \"https://iqcarsgermany.azureedge.net/img/CarAttachments\\\\1723379264037.28961723378732247.JPG\", \"https://iqcarsgermany.azureedge.net/img/CarAttachments\\\\1723382348872.83131723378732034.JPG\", \"https://iqcarsgermany.azureedge.net/img/CarAttachments\\\\1723382367677.0721723378732174.JPG\", \"https://iqcarsgermany.azureedge.net/img/CarAttachments\\\\1723379264037.28961723378732247.JPG\"]', ' 1.6', '1417', 'Silver', 'عادي', 6, 6, 84.00, 22.00, 26.00, 'SV', '6 Parts', 'Erbil,Private', 5, 'Fabric', 'مستعمل'),
(64, 15, 'HyundaiElantra2023', '[\"https://iqcarsgermany.azureedge.net/img/CarAttachments\\\\1723381485468.18461000001110_out.jpg\", \"https://iqcarsgermany.azureedge.net/img/CarAttachments\\\\1723379057941.48631000001113_out.jpg\", \"https://iqcarsgermany.azureedge.net/img/CarAttachments\\\\1723379056386.39551000001100_out.jpg\", \"https://iqcarsgermany.azureedge.net/img/CarAttachments\\\\1723381485468.18461000001110_out.jpg\", \"https://iqcarsgermany.azureedge.net/img/CarAttachments\\\\1723379057941.48631000001113_out.jpg\", \"https://iqcarsgermany.azureedge.net/img/CarAttachments\\\\1723379056386.39551000001100_out.jpg\"]', ' 2.0', '2980', 'Black', 'اوتوماتيك', 6, 5, 56.00, 11.00, 57.00, NULL, '1 PartSee Photos', 'Erbil,Private', 5, 'Fabric', 'مستعمل'),
(65, 9, 'HyundaiAccent2020', '[\"https://iqcarsgermany.azureedge.net/img/CarAttachments\\\\1723381416571.3191723376790243.jpg\", \"https://iqcarsgermany.azureedge.net/img/CarAttachments\\\\1723381430062.7321723376791598.jpg\", \"https://iqcarsgermany.azureedge.net/img/CarAttachments\\\\1723378506896.98731723376792028.jpg\", \"https://iqcarsgermany.azureedge.net/img/CarAttachments\\\\1723381416571.3191723376790243.jpg\", \"https://iqcarsgermany.azureedge.net/img/CarAttachments\\\\1723381430062.7321723376791598.jpg\", \"https://iqcarsgermany.azureedge.net/img/CarAttachments\\\\1723378506896.98731723376792028.jpg\"]', ' 1.4', '4971', 'Red', 'اوتوماتيك', 6, 4, 61.00, 38.00, 86.00, NULL, '4 PartsSee Photos', 'Karbala,Private', 5, 'Fabric', 'مستعمل'),
(66, 48, 'Mercedes-BenzE-Class2021', '[\"https://iqcarsgermany.azureedge.net/img/CarAttachments\\\\1723378295337.97171723378201161.JPG\", \"https://iqcarsgermany.azureedge.net/img/CarAttachments\\\\1723378298886.6761723378201334.JPG\", \"https://iqcarsgermany.azureedge.net/img/CarAttachments\\\\1723378301391.35841723378201493.JPG\", \"https://iqcarsgermany.azureedge.net/img/CarAttachments\\\\1723378295337.97171723378201161.JPG\", \"https://iqcarsgermany.azureedge.net/img/CarAttachments\\\\1723378298886.6761723378201334.JPG\", \"https://iqcarsgermany.azureedge.net/img/CarAttachments\\\\1723378301391.35841723378201493.JPG\"]', ' 2.0T', '4780', 'Gray', 'اوتوماتيك', 5, 5, 37.00, 97.00, 97.00, 'E200', 'No Paint', 'Erbil,Private', 5, 'Leather', 'مستعمل'),
(67, 28, 'Land RoverRange Rover Vogue2019', '[\"https://iqcarsgermany.azureedge.net/img/CarAttachments\\\\1723377613326.1438OutputFile_1723377597105_out.jpeg\", \"https://iqcarsgermany.azureedge.net/img/CarAttachments\\\\1723377628773.107OutputFile_1723377597166_out.jpeg\", \"https://iqcarsgermany.azureedge.net/img/CarAttachments\\\\1723377637108.3596OutputFile_1723377597287_out.jpeg\", \"https://iqcarsgermany.azureedge.net/img/CarAttachments\\\\1723377613326.1438OutputFile_1723377597105_out.jpeg\", \"https://iqcarsgermany.azureedge.net/img/CarAttachments\\\\1723377628773.107OutputFile_1723377597166_out.jpeg\", \"https://iqcarsgermany.azureedge.net/img/CarAttachments\\\\1723377637108.3596OutputFile_1723377597287_out.jpeg\"]', ' 5.0', '3306', 'Black', 'اوتوماتيك', 5, 4, 91.00, 66.00, 47.00, 'Autobiography', 'No Paint', 'Erbil,Private', 5, 'Leather', 'مستعمل'),
(68, 29, 'KiaSorento2019', '[\"https://iqcarsgermany.azureedge.net/img/CarAttachments\\\\1723377770582.0861723377383456.JPG\", \"https://iqcarsgermany.azureedge.net/img/CarAttachments\\\\1723377774226.41431723377383796.JPG\", \"https://iqcarsgermany.azureedge.net/img/CarAttachments\\\\1723377780740.75441723377384086.jpg\", \"https://iqcarsgermany.azureedge.net/img/CarAttachments\\\\1723377770582.0861723377383456.JPG\", \"https://iqcarsgermany.azureedge.net/img/CarAttachments\\\\1723377774226.41431723377383796.JPG\", \"https://iqcarsgermany.azureedge.net/img/CarAttachments\\\\1723377780740.75441723377384086.jpg\"]', ' 2.5', '1969', 'Silver', 'عادي', 4, 5, 30.00, 87.00, 67.00, 'LX', '3 Parts', 'Babil,Private', 7, 'Fabric', 'مستعمل'),
(69, 53, 'FordEdge2023', '[\"https://iqcarsgermany.azureedge.net/img/CarAttachments\\\\1723377177964.71631723377171364.JPG\", \"https://iqcarsgermany.azureedge.net/img/CarAttachments\\\\1723377182503.1641723377171762.JPG\", \"https://iqcarsgermany.azureedge.net/img/CarAttachments\\\\1723377186951.57351723377172314.JPG\", \"https://iqcarsgermany.azureedge.net/img/CarAttachments\\\\1723377177964.71631723377171364.JPG\", \"https://iqcarsgermany.azureedge.net/img/CarAttachments\\\\1723377182503.1641723377171762.JPG\", \"https://iqcarsgermany.azureedge.net/img/CarAttachments\\\\1723377186951.57351723377172314.JPG\"]', ' 2.0', '5170', 'Silver', 'اوتوماتيك', 6, 6, 64.00, 20.00, 80.00, 'SEL', '1 Part', 'Erbil,Temporary', 5, 'Leather', 'مستعمل'),
(70, 11, 'KiaK32022', '[\"https://iqcarsgermany.azureedge.net/img/CarAttachments\\\\1723375898063.14771723324526936.JPG\", \"https://iqcarsgermany.azureedge.net/img/CarAttachments\\\\1723375899888.651723324527035.JPG\", \"https://iqcarsgermany.azureedge.net/img/CarAttachments\\\\1723375902679.41871723324527192.JPG\", \"https://iqcarsgermany.azureedge.net/img/CarAttachments\\\\1723375898063.14771723324526936.JPG\", \"https://iqcarsgermany.azureedge.net/img/CarAttachments\\\\1723375899888.651723324527035.JPG\", \"https://iqcarsgermany.azureedge.net/img/CarAttachments\\\\1723375902679.41871723324527192.JPG\"]', ' 1.5', '3343', 'White', 'عادي', 5, 5, 59.00, 44.00, 37.00, NULL, 'No Paint', 'Baghdad,Private', 5, 'Fabric', 'مستعمل'),
(71, 18, 'DodgeCharger2022', '[\"https://iqcarsgermany.azureedge.net/img/CarAttachments\\\\1723377536149.811OutputFile_1723377359861_out.jpeg\", \"https://iqcarsgermany.azureedge.net/img/CarAttachments\\\\1723377555468.0698OutputFile_1723377359957_out.jpeg\", \"https://iqcarsgermany.azureedge.net/img/CarAttachments\\\\1723377559836.186OutputFile_1723377360036_out.jpeg\", \"https://iqcarsgermany.azureedge.net/img/CarAttachments\\\\1723377536149.811OutputFile_1723377359861_out.jpeg\", \"https://iqcarsgermany.azureedge.net/img/CarAttachments\\\\1723377555468.0698OutputFile_1723377359957_out.jpeg\", \"https://iqcarsgermany.azureedge.net/img/CarAttachments\\\\1723377559836.186OutputFile_1723377360036_out.jpeg\"]', ' 3.6', '988', 'Maroon', 'اوتوماتيك', 5, 4, 40.00, 80.00, 90.00, 'GT Plus', 'No Paint', 'Sulaymaniyah,Private', 5, 'Leather', 'جديد'),
(72, 7, 'JeepGrand Cherokee2019', '[\"https://iqcarsgermany.azureedge.net/img/CarAttachments\\\\1723375523474.92161723375161099.JPG\", \"https://iqcarsgermany.azureedge.net/img/CarAttachments\\\\1723375525296.4431723375161251.JPG\", \"https://iqcarsgermany.azureedge.net/img/CarAttachments\\\\1723377178510.88964c50cd3a-8d5d-462e-912d-eaded9aec5c6.jpg\", \"https://iqcarsgermany.azureedge.net/img/CarAttachments\\\\1723375523474.92161723375161099.JPG\", \"https://iqcarsgermany.azureedge.net/img/CarAttachments\\\\1723375525296.4431723375161251.JPG\", \"https://iqcarsgermany.azureedge.net/img/CarAttachments\\\\1723377178510.88964c50cd3a-8d5d-462e-912d-eaded9aec5c6.jpg\"]', ' 3.6', '5607', 'White', 'اوتوماتيك', 5, 5, 21.00, 95.00, 43.00, 'Limited', 'Clean Title', 'Baghdad,Private', 5, 'Leather', 'مستعمل'),
(73, 49, 'ChevroletCamaro2011', '[\"https://iqcarsgermany.azureedge.net/img/CarAttachments\\\\1723376895909.73631723372989092.jpg\", \"https://iqcarsgermany.azureedge.net/img/CarAttachments\\\\1723376904881.0061723375142286.JPG\", \"https://iqcarsgermany.azureedge.net/img/CarAttachments\\\\1723375441383.91361723375142403.JPG\", \"https://iqcarsgermany.azureedge.net/img/CarAttachments\\\\1723376895909.73631723372989092.jpg\", \"https://iqcarsgermany.azureedge.net/img/CarAttachments\\\\1723376904881.0061723375142286.JPG\", \"https://iqcarsgermany.azureedge.net/img/CarAttachments\\\\1723375441383.91361723375142403.JPG\"]', ' 3.6', '3018', 'Yellow', 'اوتوماتيك', 4, 4, 11.00, 96.00, 78.00, NULL, '5 Parts', 'Baghdad,Private', 4, 'Fabric', 'مستعمل'),
(74, 58, 'Mercedes-BenzGLA2020', '[\"https://iqcarsgermany.azureedge.net/img/CarAttachments\\\\1723375214809.0791723375190382.JPG\", \"https://iqcarsgermany.azureedge.net/img/CarAttachments\\\\1723375219546.71881723375190652.JPG\", \"https://iqcarsgermany.azureedge.net/img/CarAttachments\\\\1723375224226.23831723375191059.JPG\", \"https://iqcarsgermany.azureedge.net/img/CarAttachments\\\\1723375214809.0791723375190382.JPG\", \"https://iqcarsgermany.azureedge.net/img/CarAttachments\\\\1723375219546.71881723375190652.JPG\", \"https://iqcarsgermany.azureedge.net/img/CarAttachments\\\\1723375224226.23831723375191059.JPG\"]', ' 2.0', '3507', 'Silver', 'عادي', 6, 6, 94.00, 46.00, 27.00, '250', 'Clean Title', 'Erbil,Private', 5, 'Leather', 'مستعمل'),
(75, 39, 'JetourX70 Plus2023', '[\"https://iqcarsgermany.azureedge.net/img/CarAttachments\\\\1723377299812.14091723377293036.JPG\", \"https://iqcarsgermany.azureedge.net/img/CarAttachments\\\\1723377305102.85381723377293441.JPG\", \"https://iqcarsgermany.azureedge.net/img/CarAttachments\\\\1723377311519.64281723377294018.JPG\", \"https://iqcarsgermany.azureedge.net/img/CarAttachments\\\\1723377299812.14091723377293036.JPG\", \"https://iqcarsgermany.azureedge.net/img/CarAttachments\\\\1723377305102.85381723377293441.JPG\", \"https://iqcarsgermany.azureedge.net/img/CarAttachments\\\\1723377311519.64281723377294018.JPG\"]', ' 1.5T', '2802', 'Black', 'عادي', 4, 4, 76.00, 23.00, 55.00, NULL, 'Clean Title', 'Erbil,Private', 5, 'Leather', 'مستعمل'),
(76, 3, 'DodgeCharger2019', '[\"https://iqcarsgermany.azureedge.net/img/CarAttachments\\\\1723375195095.69021723371403038.JPG\", \"https://iqcarsgermany.azureedge.net/img/CarAttachments\\\\1723375205020.22831723375063178.jpg\", \"https://iqcarsgermany.azureedge.net/img/CarAttachments\\\\1723375205664.22631723375063330.jpg\", \"https://iqcarsgermany.azureedge.net/img/CarAttachments\\\\1723375195095.69021723371403038.JPG\", \"https://iqcarsgermany.azureedge.net/img/CarAttachments\\\\1723375205020.22831723375063178.jpg\", \"https://iqcarsgermany.azureedge.net/img/CarAttachments\\\\1723375205664.22631723375063330.jpg\"]', ' 3.6', '3270', 'Maroon', 'اوتوماتيك', 5, 6, 18.00, 96.00, 57.00, 'GT', '1 Part', 'Baghdad,Private', 5, 'Fabric', 'مستعمل'),
(77, 6, 'DongfengAeolus A302024', '[\"https://iqcarsgermany.azureedge.net/img/CarAttachments\\\\1723374887048.9941723374531694.jpg\", \"https://iqcarsgermany.azureedge.net/img/CarAttachments\\\\1723374885581.76251723374531233.jpg\", \"https://iqcarsgermany.azureedge.net/img/CarAttachments\\\\1723374887574.68531723374531793.jpg\", \"https://iqcarsgermany.azureedge.net/img/CarAttachments\\\\1723374887048.9941723374531694.jpg\", \"https://iqcarsgermany.azureedge.net/img/CarAttachments\\\\1723374885581.76251723374531233.jpg\", \"https://iqcarsgermany.azureedge.net/img/CarAttachments\\\\1723374887574.68531723374531793.jpg\"]', ' 1.5T', '2265', 'Black', 'اوتوماتيك', 4, 6, 77.00, 23.00, 57.00, NULL, 'Clean Title', 'Baghdad,Private', 5, 'Leather', 'مستعمل'),
(78, 17, 'HyundaiElantra2016', '[\"https://iqcarsgermany.azureedge.net/img/CarAttachments\\\\1723374857949.70121000001705_out.jpg\", \"https://iqcarsgermany.azureedge.net/img/CarAttachments\\\\1723374859552.68041000001702_out.jpg\", \"https://iqcarsgermany.azureedge.net/img/CarAttachments\\\\1723374865389.9731000001709_out.jpg\", \"https://iqcarsgermany.azureedge.net/img/CarAttachments\\\\1723374857949.70121000001705_out.jpg\", \"https://iqcarsgermany.azureedge.net/img/CarAttachments\\\\1723374859552.68041000001702_out.jpg\", \"https://iqcarsgermany.azureedge.net/img/CarAttachments\\\\1723374865389.9731000001709_out.jpg\"]', ' 1.6', '1294', 'Red', 'عادي', 5, 6, 27.00, 43.00, 34.00, 'Standard', 'No Paint', 'Baghdad,Private', 5, 'Fabric', 'مستعمل'),
(79, 14, 'BMW5-Series2021', '[\"https://iqcarsgermany.azureedge.net/img/CarAttachments\\\\1714586387493.06741714586374293.jpg\", \"https://iqcarsgermany.azureedge.net/img/CarAttachments\\\\1714586392399.18851714586375340.jpg\", \"https://iqcarsgermany.azureedge.net/img/CarAttachments\\\\1714586391709.1061714586375166.jpg\", \"https://iqcarsgermany.azureedge.net/img/CarAttachments\\\\1714586387493.06741714586374293.jpg\", \"https://iqcarsgermany.azureedge.net/img/CarAttachments\\\\1714586392399.18851714586375340.jpg\", \"https://iqcarsgermany.azureedge.net/img/CarAttachments\\\\1714586391709.1061714586375166.jpg\"]', ' 2.0', '4917', 'Cement', 'عادي', 4, 4, 30.00, 40.00, 12.00, '530i', '2 Parts', 'Erbil,Private', 5, 'Leather', 'مستعمل'),
(80, 22, 'HyundaiAccent2019', '[\"https://iqcarsgermany.azureedge.net/img/CarAttachments\\\\1723374604353.1721000008835_out.jpg\", \"https://iqcarsgermany.azureedge.net/img/CarAttachments\\\\1723374601461.04221000008837_out.jpg\", \"https://iqcarsgermany.azureedge.net/img/CarAttachments\\\\1723374603952.17071000008834_out.jpg\", \"https://iqcarsgermany.azureedge.net/img/CarAttachments\\\\1723374604353.1721000008835_out.jpg\", \"https://iqcarsgermany.azureedge.net/img/CarAttachments\\\\1723374601461.04221000008837_out.jpg\", \"https://iqcarsgermany.azureedge.net/img/CarAttachments\\\\1723374603952.17071000008834_out.jpg\"]', ' 1.6', '4106', 'White', 'اوتوماتيك', 5, 5, 19.00, 49.00, 88.00, 'SE', 'No Paint', 'Nineveh (Mosul),Private', 5, 'Fabric', 'مستعمل'),
(81, 20, 'JetourT22025', '[\"https://iqcarsgermany.azureedge.net/img/CarAttachments\\\\1723374570678.63161723374558188.jpg\", \"https://iqcarsgermany.azureedge.net/img/CarAttachments\\\\1723374573502.1181723374565539.jpg\", \"https://iqcarsgermany.azureedge.net/img/CarAttachments\\\\1723374575889.63671723374566129.jpg\", \"https://iqcarsgermany.azureedge.net/img/CarAttachments\\\\1723374570678.63161723374558188.jpg\", \"https://iqcarsgermany.azureedge.net/img/CarAttachments\\\\1723374573502.1181723374565539.jpg\", \"https://iqcarsgermany.azureedge.net/img/CarAttachments\\\\1723374575889.63671723374566129.jpg\"]', ' 2.0T', '5559', 'Black', 'اوتوماتيك', 4, 6, 16.00, 74.00, 41.00, NULL, NULL, 'Erbil,Temporary', 5, 'Leather', 'جديد'),
(82, 2, 'BMWX62021', '[\"https://iqcarsgermany.azureedge.net/img/CarAttachments\\\\1723373356860.056WhatsAppImage2024-08-11at13.48.20_e4aa3d83.jpg\", \"https://iqcarsgermany.azureedge.net/img/CarAttachments\\\\1723372449000.5891723371412948.jpg\", \"https://iqcarsgermany.azureedge.net/img/CarAttachments\\\\1723372452840.23071723371413208.JPG\", \"https://iqcarsgermany.azureedge.net/img/CarAttachments\\\\1723373356860.056WhatsAppImage2024-08-11at13.48.20_e4aa3d83.jpg\", \"https://iqcarsgermany.azureedge.net/img/CarAttachments\\\\1723372449000.5891723371412948.jpg\", \"https://iqcarsgermany.azureedge.net/img/CarAttachments\\\\1723372452840.23071723371413208.JPG\"]', ' 3.0', '4338', 'Green', 'اوتوماتيك', 4, 6, 66.00, 18.00, 63.00, '40i', '1 PartSee Photos', 'Erbil,Private', 5, 'Leather', 'مستعمل'),
(83, 49, 'JeepGrand Cherokee2020', '[\"https://iqcarsgermany.azureedge.net/img/CarAttachments\\\\1715101486470.84251715101416489.jpg\", \"https://iqcarsgermany.azureedge.net/img/CarAttachments\\\\1715101428817.23241715101417625.jpg\", \"https://iqcarsgermany.azureedge.net/img/CarAttachments\\\\1715101427984.62571715101417490.jpg\", \"https://iqcarsgermany.azureedge.net/img/CarAttachments\\\\1715101486470.84251715101416489.jpg\", \"https://iqcarsgermany.azureedge.net/img/CarAttachments\\\\1715101428817.23241715101417625.jpg\", \"https://iqcarsgermany.azureedge.net/img/CarAttachments\\\\1715101427984.62571715101417490.jpg\"]', ' 6.4', '4793', 'Cement', 'اوتوماتيك', 6, 4, 69.00, 56.00, 63.00, 'SRT', 'Clean Title', 'Erbil,Private', 5, 'Mix', 'مستعمل'),
(84, 56, 'JeepCompass2021', '[\"https://iqcarsgermany.azureedge.net/img/CarAttachments\\\\1723375224056.5527Cropped_f7448098-d7c3-4562-9744-c048dbcbbe63.jpg\", \"https://iqcarsgermany.azureedge.net/img/CarAttachments\\\\1723375210443.20942c80a78-29b6-40e9-9ea8-8bde6c3f9069.jpg\", \"https://iqcarsgermany.azureedge.net/img/CarAttachments\\\\1722689235456.8296IMG_0508_out.png\", \"https://iqcarsgermany.azureedge.net/img/CarAttachments\\\\1723375224056.5527Cropped_f7448098-d7c3-4562-9744-c048dbcbbe63.jpg\", \"https://iqcarsgermany.azureedge.net/img/CarAttachments\\\\1723375210443.20942c80a78-29b6-40e9-9ea8-8bde6c3f9069.jpg\", \"https://iqcarsgermany.azureedge.net/img/CarAttachments\\\\1722689235456.8296IMG_0508_out.png\"]', ' 2.4', '5273', 'Red', 'اوتوماتيك', 4, 5, 48.00, 40.00, 49.00, '80 Th Anniversary', '1 Part', 'Baghdad,Private', 5, 'Leather', 'مستعمل'),
(85, 11, 'VolkswagenJetta2019', '[\"https://iqcarsgermany.azureedge.net/img/CarAttachments\\\\1723374053471.6121723372897016.JPG\", \"https://iqcarsgermany.azureedge.net/img/CarAttachments\\\\1723374053747.21831723372897056.JPG\", \"https://iqcarsgermany.azureedge.net/img/CarAttachments\\\\1723374054535.10671723372897117.JPG\", \"https://iqcarsgermany.azureedge.net/img/CarAttachments\\\\1723374053471.6121723372897016.JPG\", \"https://iqcarsgermany.azureedge.net/img/CarAttachments\\\\1723374053747.21831723372897056.JPG\", \"https://iqcarsgermany.azureedge.net/img/CarAttachments\\\\1723374054535.10671723372897117.JPG\"]', ' 1.4', '850', 'Gray', 'عادي', 4, 4, 23.00, 49.00, 76.00, 'SEL Premium', '1 Part', 'Duhok,Private', 5, 'Leather', 'مستعمل'),
(86, 21, 'NissanSentra2020', '[\"https://iqcarsgermany.azureedge.net/img/CarAttachments\\\\1723374037907.76341722845810387.JPG\", \"https://iqcarsgermany.azureedge.net/img/CarAttachments\\\\1723374040379.7861722845810504.JPG\", \"https://iqcarsgermany.azureedge.net/img/CarAttachments\\\\1723374043890.85521723203806133.jpg\", \"https://iqcarsgermany.azureedge.net/img/CarAttachments\\\\1723374037907.76341722845810387.JPG\", \"https://iqcarsgermany.azureedge.net/img/CarAttachments\\\\1723374040379.7861722845810504.JPG\", \"https://iqcarsgermany.azureedge.net/img/CarAttachments\\\\1723374043890.85521723203806133.jpg\"]', ' 2.0', '4587', 'Blue', 'عادي', 5, 5, 43.00, 68.00, 24.00, 'SV', '1 PartSee Photos', 'Duhok,Private', 5, 'Fabric', 'مستعمل'),
(87, 29, 'DodgeChallenger2022', '[\"https://iqcarsgermany.azureedge.net/img/CarAttachments\\\\1707318577472.35721707318564260.jpg\", \"https://iqcarsgermany.azureedge.net/img/CarAttachments\\\\1707318583335.16551707318565335.jpg\", \"https://iqcarsgermany.azureedge.net/img/CarAttachments\\\\1707318582618.4781707318565204.jpg\", \"https://iqcarsgermany.azureedge.net/img/CarAttachments\\\\1707318577472.35721707318564260.jpg\", \"https://iqcarsgermany.azureedge.net/img/CarAttachments\\\\1707318583335.16551707318565335.jpg\", \"https://iqcarsgermany.azureedge.net/img/CarAttachments\\\\1707318582618.4781707318565204.jpg\"]', ' 3.6', '3788', 'Green', 'عادي', 5, 6, 83.00, 65.00, 65.00, 'SXT', 'No Paint', 'Erbil,Private', 4, 'Fabric', 'مستعمل'),
(88, 53, 'JeepGladiator2022', '[\"https://iqcarsgermany.azureedge.net/img/CarAttachments\\\\1723372646497.27781723371795235.JPG\", \"https://iqcarsgermany.azureedge.net/img/CarAttachments\\\\1723372647244.091723371795294.JPG\", \"https://iqcarsgermany.azureedge.net/img/CarAttachments\\\\1723372647533.97731723371795344.JPG\", \"https://iqcarsgermany.azureedge.net/img/CarAttachments\\\\1723372646497.27781723371795235.JPG\", \"https://iqcarsgermany.azureedge.net/img/CarAttachments\\\\1723372647244.091723371795294.JPG\", \"https://iqcarsgermany.azureedge.net/img/CarAttachments\\\\1723372647533.97731723371795344.JPG\"]', ' 3.6', '4961', 'Black', 'اوتوماتيك', 5, 6, 29.00, 34.00, 71.00, 'Overland', 'No Paint', 'Sulaymaniyah,Temporary', 5, 'Fabric', 'مستعمل'),
(89, 42, 'Land RoverDiscovery2015', '[\"https://iqcarsgermany.azureedge.net/img/CarAttachments\\\\1723372575346.1318IMG-20240811-WA0009.jpg\", \"https://iqcarsgermany.azureedge.net/img/CarAttachments\\\\1723374640590.1184IMG-20240811-WA0011.jpg\", \"https://iqcarsgermany.azureedge.net/img/CarAttachments\\\\1723372570574.88351723366412453.JPG\", \"https://iqcarsgermany.azureedge.net/img/CarAttachments\\\\1723372575346.1318IMG-20240811-WA0009.jpg\", \"https://iqcarsgermany.azureedge.net/img/CarAttachments\\\\1723374640590.1184IMG-20240811-WA0011.jpg\", \"https://iqcarsgermany.azureedge.net/img/CarAttachments\\\\1723372570574.88351723366412453.JPG\"]', ' 2.0', '2304', 'White', 'عادي', 4, 4, 64.00, 96.00, 11.00, 'Sport', 'Clean Title', 'Erbil,Private', 5, 'Leather', 'مستعمل'),
(90, 23, 'RenaultDuster2018', '[\"https://iqcarsgermany.azureedge.net/img/CarAttachments\\\\1723374571367.74491723371414151.PNG\", \"https://iqcarsgermany.azureedge.net/img/CarAttachments\\\\1723372533218.34281723371414396.PNG\", \"https://iqcarsgermany.azureedge.net/img/CarAttachments\\\\1723372535582.52831723371414750.PNG\", \"https://iqcarsgermany.azureedge.net/img/CarAttachments\\\\1723374571367.74491723371414151.PNG\", \"https://iqcarsgermany.azureedge.net/img/CarAttachments\\\\1723372533218.34281723371414396.PNG\", \"https://iqcarsgermany.azureedge.net/img/CarAttachments\\\\1723372535582.52831723371414750.PNG\"]', ' 2.0', '1875', 'Silver', 'اوتوماتيك', 6, 6, 28.00, 97.00, 31.00, 'SE', 'Clean Title', 'Babil,Private', 5, 'Fabric', 'مستعمل'),
(91, 46, 'ChanganCS852024', '[\"https://iqcarsgermany.azureedge.net/img/CarAttachments\\\\1723369911442.10031000000116_out.jpg\", \"https://iqcarsgermany.azureedge.net/img/CarAttachments\\\\1723369915939.62161000000121_out.jpg\", \"https://iqcarsgermany.azureedge.net/img/CarAttachments\\\\1723369917719.4341000000123_out.jpg\", \"https://iqcarsgermany.azureedge.net/img/CarAttachments\\\\1723369911442.10031000000116_out.jpg\", \"https://iqcarsgermany.azureedge.net/img/CarAttachments\\\\1723369915939.62161000000121_out.jpg\", \"https://iqcarsgermany.azureedge.net/img/CarAttachments\\\\1723369917719.4341000000123_out.jpg\"]', ' 2.0T', '2243', 'White', 'عادي', 6, 5, 35.00, 72.00, 65.00, NULL, 'No Paint', 'Baghdad,Private', 5, 'Leather', 'جديد'),
(92, 50, 'ToyotaLand Cruiser2024', '[\"https://iqcarsgermany.azureedge.net/img/CarAttachments\\\\1723371559129.96881723370300443.jpg\", \"https://iqcarsgermany.azureedge.net/img/CarAttachments\\\\1723371559380.11741723370300487.jpg\", \"https://iqcarsgermany.azureedge.net/img/CarAttachments\\\\1723371560098.28321723370300567.jpg\", \"https://iqcarsgermany.azureedge.net/img/CarAttachments\\\\1723371559129.96881723370300443.jpg\", \"https://iqcarsgermany.azureedge.net/img/CarAttachments\\\\1723371559380.11741723370300487.jpg\", \"https://iqcarsgermany.azureedge.net/img/CarAttachments\\\\1723371560098.28321723370300567.jpg\"]', ' 3.5T', '5369', 'White', 'اوتوماتيك', 6, 6, 11.00, 28.00, 99.00, 'G-XR Twin-Turbo', 'Clean Title', 'Erbil,Private', 7, 'Leather', 'مستعمل'),
(93, 41, 'MGRX82023', '[\"https://iqcarsgermany.azureedge.net/img/CarAttachments\\\\1723371443681.68161723370590024.jpg\", \"https://iqcarsgermany.azureedge.net/img/CarAttachments\\\\1723371444211.53421723370590049.jpg\", \"https://iqcarsgermany.azureedge.net/img/CarAttachments\\\\1723371445451.65141723370590170.JPG\", \"https://iqcarsgermany.azureedge.net/img/CarAttachments\\\\1723371443681.68161723370590024.jpg\", \"https://iqcarsgermany.azureedge.net/img/CarAttachments\\\\1723371444211.53421723370590049.jpg\", \"https://iqcarsgermany.azureedge.net/img/CarAttachments\\\\1723371445451.65141723370590170.JPG\"]', ' 2.0T', '3522', 'Black', 'عادي', 6, 5, 39.00, 72.00, 51.00, NULL, 'No Paint', 'Erbil,Private', 7, 'Leather', 'مستعمل'),
(94, 44, 'ChanganCS952025', '[\"https://iqcarsgermany.azureedge.net/img/CarAttachments\\\\1723370092989.92481000047504_out.jpg\", \"https://iqcarsgermany.azureedge.net/img/CarAttachments\\\\1723370097279.77931000047582_out.jpg\", \"https://iqcarsgermany.azureedge.net/img/CarAttachments\\\\1723370093774.4841000047500_out.jpg\", \"https://iqcarsgermany.azureedge.net/img/CarAttachments\\\\1723370092989.92481000047504_out.jpg\", \"https://iqcarsgermany.azureedge.net/img/CarAttachments\\\\1723370097279.77931000047582_out.jpg\", \"https://iqcarsgermany.azureedge.net/img/CarAttachments\\\\1723370093774.4841000047500_out.jpg\"]', ' 2.0', '1285', 'Black', 'عادي', 5, 5, 30.00, 79.00, 25.00, NULL, 'Clean Title', 'Erbil,Temporary', 7, 'Leather', 'جديد'),
(95, 25, 'ToyotaHighlander2022', '[\"https://iqcarsgermany.azureedge.net/img/CarAttachments\\\\1723369858474.1931723369837624.jpg\", \"https://iqcarsgermany.azureedge.net/img/CarAttachments\\\\1723369862212.25271723369838161.jpg\", \"https://iqcarsgermany.azureedge.net/img/CarAttachments\\\\1723369866244.67871723369838952.jpg\", \"https://iqcarsgermany.azureedge.net/img/CarAttachments\\\\1723369858474.1931723369837624.jpg\", \"https://iqcarsgermany.azureedge.net/img/CarAttachments\\\\1723369862212.25271723369838161.jpg\", \"https://iqcarsgermany.azureedge.net/img/CarAttachments\\\\1723369866244.67871723369838952.jpg\"]', ' 3.5', '1095', 'White', 'اوتوماتيك', 4, 6, 60.00, 36.00, 77.00, 'XLE', 'No Paint', 'Duhok,Temporary', 8, 'Leather', 'مستعمل'),
(96, 42, 'NissanKicks2024', '[\"https://iqcarsgermany.azureedge.net/img/CarAttachments\\\\1723369407616.2461723369397988.JPG\", \"https://iqcarsgermany.azureedge.net/img/CarAttachments\\\\1723369410440.78661723369398217.JPG\", \"https://iqcarsgermany.azureedge.net/img/CarAttachments\\\\1723369418978.9181723369398937.JPG\", \"https://iqcarsgermany.azureedge.net/img/CarAttachments\\\\1723369407616.2461723369397988.JPG\", \"https://iqcarsgermany.azureedge.net/img/CarAttachments\\\\1723369410440.78661723369398217.JPG\", \"https://iqcarsgermany.azureedge.net/img/CarAttachments\\\\1723369418978.9181723369398937.JPG\"]', ' 1.6', '1401', 'Cement', 'عادي', 4, 6, 91.00, 32.00, 56.00, 'SV', '2 Parts', 'Erbil,Temporary', 5, 'Fabric', 'مستعمل'),
(97, 48, 'MitsubishiGalant2008', '[\"https://iqcarsgermany.azureedge.net/img/CarAttachments\\\\1723369378044.541000023338_out.jpg\", \"https://iqcarsgermany.azureedge.net/img/CarAttachments\\\\1723369378628.3581000064522_out.jpg\", \"https://iqcarsgermany.azureedge.net/img/CarAttachments\\\\1723369380807.65011000064524_out.jpg\", \"https://iqcarsgermany.azureedge.net/img/CarAttachments\\\\1723369378044.541000023338_out.jpg\", \"https://iqcarsgermany.azureedge.net/img/CarAttachments\\\\1723369378628.3581000064522_out.jpg\", \"https://iqcarsgermany.azureedge.net/img/CarAttachments\\\\1723369380807.65011000064524_out.jpg\"]', ' 2.4', '3503', 'White', 'عادي', 4, 4, 88.00, 79.00, 35.00, NULL, '2 Parts', 'Baghdad,Private', 5, 'Fabric', 'مستعمل'),
(98, 33, 'ToyotaLand Cruiser2008', '[\"https://iqcarsgermany.azureedge.net/img/CarAttachments\\\\1723370249879.30251723152377197.JPG\", \"https://iqcarsgermany.azureedge.net/img/CarAttachments\\\\1723369115040.9871723152377410.JPG\", \"https://iqcarsgermany.azureedge.net/img/CarAttachments\\\\1723369114351.58841723152377342.JPG\", \"https://iqcarsgermany.azureedge.net/img/CarAttachments\\\\1723370249879.30251723152377197.JPG\", \"https://iqcarsgermany.azureedge.net/img/CarAttachments\\\\1723369115040.9871723152377410.JPG\", \"https://iqcarsgermany.azureedge.net/img/CarAttachments\\\\1723369114351.58841723152377342.JPG\"]', ' 4.7', '2174', 'Green', 'اوتوماتيك', 4, 6, 16.00, 55.00, 38.00, 'G', 'All Paint', 'Baghdad,Private', 8, 'Fabric', 'جديد'),
(99, 52, 'ChryslerPacifica2021', '[\"https://iqcarsgermany.azureedge.net/img/CarAttachments\\\\1723369096614.83891000020247_out.jpg\", \"https://iqcarsgermany.azureedge.net/img/CarAttachments\\\\1723369098913.70871000020253_out.jpg\", \"https://iqcarsgermany.azureedge.net/img/CarAttachments\\\\1723369100137.49881000020232_out.jpg\", \"https://iqcarsgermany.azureedge.net/img/CarAttachments\\\\1723369096614.83891000020247_out.jpg\", \"https://iqcarsgermany.azureedge.net/img/CarAttachments\\\\1723369098913.70871000020253_out.jpg\", \"https://iqcarsgermany.azureedge.net/img/CarAttachments\\\\1723369100137.49881000020232_out.jpg\"]', ' 3.6', '5601', 'Silver', 'اوتوماتيك', 5, 4, 15.00, 42.00, 64.00, NULL, '2 PartsSee Photos', 'Erbil,Private', 7, 'Leather', 'مستعمل'),
(100, 10, 'Chrysler3002016', '[\"https://iqcarsgermany.azureedge.net/img/CarAttachments\\\\1723365078375.98071723364976349.JPG\", \"https://iqcarsgermany.azureedge.net/img/CarAttachments\\\\1723365080682.841723364976448.JPG\", \"https://iqcarsgermany.azureedge.net/img/CarAttachments\\\\1723365087906.64161723364977542.jpg\", \"https://iqcarsgermany.azureedge.net/img/CarAttachments\\\\1723365078375.98071723364976349.JPG\", \"https://iqcarsgermany.azureedge.net/img/CarAttachments\\\\1723365080682.841723364976448.JPG\", \"https://iqcarsgermany.azureedge.net/img/CarAttachments\\\\1723365087906.64161723364977542.jpg\"]', ' 3.6', '4886', 'White', 'عادي', 5, 6, 95.00, 93.00, 80.00, 'S', NULL, 'Sulaymaniyah,Private', 5, 'Leather', 'مستعمل'),
(101, 54, 'ChevroletTahoe2023', '[\"https://iqcarsgermany.azureedge.net/img/CarAttachments\\\\1723368663454.2241723368390907.JPG\", \"https://iqcarsgermany.azureedge.net/img/CarAttachments\\\\1723368663895.1661723368391131.jpg\", \"https://iqcarsgermany.azureedge.net/img/CarAttachments\\\\1723368667889.9631723368392005.PNG\", \"https://iqcarsgermany.azureedge.net/img/CarAttachments\\\\1723368663454.2241723368390907.JPG\", \"https://iqcarsgermany.azureedge.net/img/CarAttachments\\\\1723368663895.1661723368391131.jpg\", \"https://iqcarsgermany.azureedge.net/img/CarAttachments\\\\1723368667889.9631723368392005.PNG\"]', ' 5.3', '1949', 'Black', 'اوتوماتيك', 6, 4, 24.00, 51.00, 81.00, NULL, '1 PartSee Photos', 'Baghdad,Private', 7, 'Leather', 'مستعمل'),
(102, 22, 'HyundaiElantra2017', '[\"https://iqcarsgermany.azureedge.net/img/CarAttachments\\\\1723367430763.7065Snapchat-778992921_out.jpg\", \"https://iqcarsgermany.azureedge.net/img/CarAttachments\\\\1723367432663.5068Snapchat-311678162_out.jpg\", \"https://iqcarsgermany.azureedge.net/img/CarAttachments\\\\1723367435965.6245\\u0662\\u0660\\u0662\\u0664\\u0660\\u0668\\u0660\\u0667_\\u0661\\u0669\\u0662\\u0666\\u0663\\u0668_out.jpg\", \"https://iqcarsgermany.azureedge.net/img/CarAttachments\\\\1723367430763.7065Snapchat-778992921_out.jpg\", \"https://iqcarsgermany.azureedge.net/img/CarAttachments\\\\1723367432663.5068Snapchat-311678162_out.jpg\", \"https://iqcarsgermany.azureedge.net/img/CarAttachments\\\\1723367435965.6245\\u0662\\u0660\\u0662\\u0664\\u0660\\u0668\\u0660\\u0667_\\u0661\\u0669\\u0662\\u0666\\u0663\\u0668_out.jpg\"]', ' 2.0', '326', 'Red', 'عادي', 5, 5, 64.00, 69.00, 53.00, 'SE', '1 Part', 'Sulaymaniyah,Private', 5, 'Fabric', 'مستعمل'),
(103, 9, 'DodgeChallenger2022', '[\"https://iqcarsgermany.azureedge.net/img/CarAttachments\\\\1723367345471.63451723326487434.JPG\", \"https://iqcarsgermany.azureedge.net/img/CarAttachments\\\\1723367345802.75341723326487513.JPG\", \"https://iqcarsgermany.azureedge.net/img/CarAttachments\\\\1723367348028.92851723326487874.JPG\", \"https://iqcarsgermany.azureedge.net/img/CarAttachments\\\\1723367345471.63451723326487434.JPG\", \"https://iqcarsgermany.azureedge.net/img/CarAttachments\\\\1723367345802.75341723326487513.JPG\", \"https://iqcarsgermany.azureedge.net/img/CarAttachments\\\\1723367348028.92851723326487874.JPG\"]', ' 3.6', '1021', 'Silver', 'عادي', 5, 4, 49.00, 75.00, 38.00, 'SXT', '3 PartsSee Photos', 'Baghdad,Private', 5, 'Fabric', 'مستعمل'),
(104, 45, 'NissanSentra2023', '[\"https://iqcarsgermany.azureedge.net/img/CarAttachments\\\\1723367307522.43141723194773516.JPG\", \"https://iqcarsgermany.azureedge.net/img/CarAttachments\\\\1723367311270.2141723194773763.JPG\", \"https://iqcarsgermany.azureedge.net/img/CarAttachments\\\\1723367310827.52271723194773716.JPG\", \"https://iqcarsgermany.azureedge.net/img/CarAttachments\\\\1723367307522.43141723194773516.JPG\", \"https://iqcarsgermany.azureedge.net/img/CarAttachments\\\\1723367311270.2141723194773763.JPG\", \"https://iqcarsgermany.azureedge.net/img/CarAttachments\\\\1723367310827.52271723194773716.JPG\"]', ' 2.0', '3907', 'Red', 'عادي', 6, 5, 47.00, 21.00, 45.00, 'SV', '1 PartSee Photos', 'Erbil,Private', 5, 'Fabric', 'مستعمل'),
(105, 20, 'KiaSeltos2022', '[\"https://iqcarsgermany.azureedge.net/img/CarAttachments\\\\1723367302928.08841723366818350.jpg\", \"https://iqcarsgermany.azureedge.net/img/CarAttachments\\\\1723367304636.46311723366818486.JPG\", \"https://iqcarsgermany.azureedge.net/img/CarAttachments\\\\1723367305106.571723366818532.JPG\", \"https://iqcarsgermany.azureedge.net/img/CarAttachments\\\\1723367302928.08841723366818350.jpg\", \"https://iqcarsgermany.azureedge.net/img/CarAttachments\\\\1723367304636.46311723366818486.JPG\", \"https://iqcarsgermany.azureedge.net/img/CarAttachments\\\\1723367305106.571723366818532.JPG\"]', ' 2.0', '5335', 'Blue', 'عادي', 4, 5, 63.00, 81.00, 27.00, 'Top Grade', '3 PartsSee Photos', 'Baghdad,Private', 5, 'Leather', 'مستعمل'),
(106, 48, 'VolkswagenJetta2019', '[\"https://iqcarsgermany.azureedge.net/img/CarAttachments\\\\1723366970398.5881723324116067.jpg\", \"https://iqcarsgermany.azureedge.net/img/CarAttachments\\\\1723366972236.19291723324116818.jpg\", \"https://iqcarsgermany.azureedge.net/img/CarAttachments\\\\1723366973291.11161723324117335.jpg\", \"https://iqcarsgermany.azureedge.net/img/CarAttachments\\\\1723366970398.5881723324116067.jpg\", \"https://iqcarsgermany.azureedge.net/img/CarAttachments\\\\1723366972236.19291723324116818.jpg\", \"https://iqcarsgermany.azureedge.net/img/CarAttachments\\\\1723366973291.11161723324117335.jpg\"]', ' 1.4', '3816', 'White', 'عادي', 5, 5, 62.00, 39.00, 91.00, 'SEL', '1 PartSee Photos', 'Baghdad,Private', 5, 'Leather', 'مستعمل'),
(107, 55, 'HyundaiSanta Fe2017', '[\"https://iqcarsgermany.azureedge.net/img/CarAttachments\\\\1723366933495.31571000038927_out.jpg\", \"https://iqcarsgermany.azureedge.net/img/CarAttachments\\\\1723366929250.09131000038934_out.jpg\", \"https://iqcarsgermany.azureedge.net/img/CarAttachments\\\\1723366934880.67111000038924_out.jpg\", \"https://iqcarsgermany.azureedge.net/img/CarAttachments\\\\1723366933495.31571000038927_out.jpg\", \"https://iqcarsgermany.azureedge.net/img/CarAttachments\\\\1723366929250.09131000038934_out.jpg\", \"https://iqcarsgermany.azureedge.net/img/CarAttachments\\\\1723366934880.67111000038924_out.jpg\"]', ' 2.0T', '2857', 'White', 'عادي', 6, 4, 58.00, 96.00, 29.00, 'Limited', '2 PartsSee Photos', 'Erbil,Private', 5, 'Leather', 'مستعمل'),
(108, 41, 'ChanganUNI-T2024', '[\"https://iqcarsgermany.azureedge.net/img/CarAttachments\\\\17233621729561000000274_out.jpg\", \"https://iqcarsgermany.azureedge.net/img/CarAttachments\\\\1723362174900.81881000000277_out.jpg\", \"https://iqcarsgermany.azureedge.net/img/CarAttachments\\\\1723362169322.65281000000279_out.jpg\", \"https://iqcarsgermany.azureedge.net/img/CarAttachments\\\\17233621729561000000274_out.jpg\", \"https://iqcarsgermany.azureedge.net/img/CarAttachments\\\\1723362174900.81881000000277_out.jpg\", \"https://iqcarsgermany.azureedge.net/img/CarAttachments\\\\1723362169322.65281000000279_out.jpg\"]', ' 1.5T', '2616', 'Blue', 'عادي', 6, 5, 26.00, 32.00, 72.00, NULL, NULL, 'Baghdad,Private', 5, 'Leather', 'جديد'),
(109, 52, 'HyundaiAzera2014', '[\"https://iqcarsgermany.azureedge.net/img/CarAttachments\\\\1723366857167.20311723366844788.JPG\", \"https://iqcarsgermany.azureedge.net/img/CarAttachments\\\\1723366863686.00851723366845892.JPG\", \"https://iqcarsgermany.azureedge.net/img/CarAttachments\\\\1723366865629.2241723366846075.JPG\", \"https://iqcarsgermany.azureedge.net/img/CarAttachments\\\\1723366857167.20311723366844788.JPG\", \"https://iqcarsgermany.azureedge.net/img/CarAttachments\\\\1723366863686.00851723366845892.JPG\", \"https://iqcarsgermany.azureedge.net/img/CarAttachments\\\\1723366865629.2241723366846075.JPG\"]', ' 3.0', '4288', 'White', 'عادي', 4, 4, 77.00, 70.00, 18.00, NULL, 'No Paint', 'Duhok,Private', 5, 'Leather', 'مستعمل'),
(110, 20, 'HyundaiAccent2015', '[\"https://iqcarsgermany.azureedge.net/img/CarAttachments\\\\1723366648909.44631723326773227.jpg\", \"https://iqcarsgermany.azureedge.net/img/CarAttachments\\\\1723366648409.78931723326773105.jpg\", \"https://iqcarsgermany.azureedge.net/img/CarAttachments\\\\1723366651287.2861723326773732.jpg\", \"https://iqcarsgermany.azureedge.net/img/CarAttachments\\\\1723366648909.44631723326773227.jpg\", \"https://iqcarsgermany.azureedge.net/img/CarAttachments\\\\1723366648409.78931723326773105.jpg\", \"https://iqcarsgermany.azureedge.net/img/CarAttachments\\\\1723366651287.2861723326773732.jpg\"]', ' 1.4', '2458', 'White', 'عادي', 5, 5, 50.00, 98.00, 62.00, NULL, 'No Paint', 'Karbala,Private', 5, 'Fabric', 'مستعمل'),
(111, 23, 'JeepGrand Cherokee2017', '[\"https://iqcarsgermany.azureedge.net/img/CarAttachments\\\\1723366453508.42191723365137322.JPG\", \"https://iqcarsgermany.azureedge.net/img/CarAttachments\\\\1723366456012.09521723365137364.JPG\", \"https://iqcarsgermany.azureedge.net/img/CarAttachments\\\\1723366458280.23321723365137486.JPG\", \"https://iqcarsgermany.azureedge.net/img/CarAttachments\\\\1723366453508.42191723365137322.JPG\", \"https://iqcarsgermany.azureedge.net/img/CarAttachments\\\\1723366456012.09521723365137364.JPG\", \"https://iqcarsgermany.azureedge.net/img/CarAttachments\\\\1723366458280.23321723365137486.JPG\"]', ' 3.6', '4664', 'Gray', 'اوتوماتيك', 4, 4, 95.00, 99.00, 20.00, 'Limited', '2 PartsSee Photos', 'Baghdad,Private', 5, 'Leather', 'مستعمل'),
(112, 40, 'HyundaiSanta Fe2022', '[\"https://iqcarsgermany.azureedge.net/img/CarAttachments\\\\1723366247544.54471723366235906.jpg\", \"https://iqcarsgermany.azureedge.net/img/CarAttachments\\\\1723366250923.63921723366236454.jpg\", \"https://iqcarsgermany.azureedge.net/img/CarAttachments\\\\1723366252962.26271723366236749.JPG\", \"https://iqcarsgermany.azureedge.net/img/CarAttachments\\\\1723366247544.54471723366235906.jpg\", \"https://iqcarsgermany.azureedge.net/img/CarAttachments\\\\1723366250923.63921723366236454.jpg\", \"https://iqcarsgermany.azureedge.net/img/CarAttachments\\\\1723366252962.26271723366236749.JPG\"]', ' 2.5', '4808', 'Silver', 'اوتوماتيك', 5, 4, 66.00, 77.00, 90.00, 'Calligraphy', '1 Part', 'Erbil,Private', 5, 'Leather', 'مستعمل'),
(113, 32, 'NissanPatrol2014', '[\"https://iqcarsgermany.azureedge.net/img/CarAttachments\\\\1723366125445.281000238526_out.jpg\", \"https://iqcarsgermany.azureedge.net/img/CarAttachments\\\\1723366128491.0291000238522_out.jpg\", \"https://iqcarsgermany.azureedge.net/img/CarAttachments\\\\1723366125689.44241000238523_out.jpg\", \"https://iqcarsgermany.azureedge.net/img/CarAttachments\\\\1723366125445.281000238526_out.jpg\", \"https://iqcarsgermany.azureedge.net/img/CarAttachments\\\\1723366128491.0291000238522_out.jpg\", \"https://iqcarsgermany.azureedge.net/img/CarAttachments\\\\1723366125689.44241000238523_out.jpg\"]', ' 5.6', '4369', 'Black', 'عادي', 5, 4, 29.00, 44.00, 33.00, 'PLATINUM', 'No Paint', 'Erbil,Private', 7, 'Leather', 'مستعمل'),
(114, 2, 'ChanganAlsvin2025', '[\"https://iqcarsgermany.azureedge.net/img/CarAttachments\\\\1723367262027.9431723365749540.jpg\", \"https://iqcarsgermany.azureedge.net/img/CarAttachments\\\\1723367252552.83351723365751441.jpg\", \"https://iqcarsgermany.azureedge.net/img/CarAttachments\\\\1723365840284.53661723365751283.jpg\", \"https://iqcarsgermany.azureedge.net/img/CarAttachments\\\\1723367262027.9431723365749540.jpg\", \"https://iqcarsgermany.azureedge.net/img/CarAttachments\\\\1723367252552.83351723365751441.jpg\", \"https://iqcarsgermany.azureedge.net/img/CarAttachments\\\\1723365840284.53661723365751283.jpg\"]', ' 1.5', '1741', 'Blue', 'اوتوماتيك', 4, 4, 23.00, 97.00, 45.00, NULL, 'No Paint', 'Baghdad,Private', 5, 'Mix', 'جديد'),
(115, 13, 'ChevroletMalibu2022', '[\"https://iqcarsgermany.azureedge.net/img/CarAttachments\\\\1723365062069.75831000020583_out.jpg\", \"https://iqcarsgermany.azureedge.net/img/CarAttachments\\\\1723365063304.52121000020580_out.jpg\", \"https://iqcarsgermany.azureedge.net/img/CarAttachments\\\\1723365064352.03031000020577_out.jpg\", \"https://iqcarsgermany.azureedge.net/img/CarAttachments\\\\1723365062069.75831000020583_out.jpg\", \"https://iqcarsgermany.azureedge.net/img/CarAttachments\\\\1723365063304.52121000020580_out.jpg\", \"https://iqcarsgermany.azureedge.net/img/CarAttachments\\\\1723365064352.03031000020577_out.jpg\"]', ' 1.5T', '840', 'Black', 'عادي', 6, 4, 15.00, 22.00, 55.00, 'LTZ', '1 PartSee Photos', 'Wasit,Private', 5, 'Leather', 'مستعمل'),
(116, 40, 'ChanganAlsvin2025', '[\"https://iqcarsgermany.azureedge.net/img/CarAttachments\\\\1723360747831.30761000000251_out.jpg\", \"https://iqcarsgermany.azureedge.net/img/CarAttachments\\\\1723360745295.43021000000236_out.jpg\", \"https://iqcarsgermany.azureedge.net/img/CarAttachments\\\\1723360746951.8061000000250_out.jpg\", \"https://iqcarsgermany.azureedge.net/img/CarAttachments\\\\1723360747831.30761000000251_out.jpg\", \"https://iqcarsgermany.azureedge.net/img/CarAttachments\\\\1723360745295.43021000000236_out.jpg\", \"https://iqcarsgermany.azureedge.net/img/CarAttachments\\\\1723360746951.8061000000250_out.jpg\"]', ' 1.5', '4214', 'White', 'عادي', 5, 5, 21.00, 21.00, 33.00, NULL, NULL, 'Baghdad,Private', 5, 'Mix', 'جديد'),
(117, 51, 'ProtonWira2000', '[\"https://iqcarsgermany.azureedge.net/img/CarAttachments\\\\1723366590778.65Messenger_creation_9739f816-682b-4b4e-bfaf-eb28f78e9277_out.jpeg\", \"https://iqcarsgermany.azureedge.net/img/CarAttachments\\\\1723364982998.0808Messenger_creation_b4821249-94e1-4a9f-871b-5d290e4db7db_out.jpeg\", \"https://iqcarsgermany.azureedge.net/img/CarAttachments\\\\1723364986663.06Messenger_creation_a32651fc-cdaa-4238-9e47-9c63b6e6d641_out.jpeg\", \"https://iqcarsgermany.azureedge.net/img/CarAttachments\\\\1723366590778.65Messenger_creation_9739f816-682b-4b4e-bfaf-eb28f78e9277_out.jpeg\", \"https://iqcarsgermany.azureedge.net/img/CarAttachments\\\\1723364982998.0808Messenger_creation_b4821249-94e1-4a9f-871b-5d290e4db7db_out.jpeg\", \"https://iqcarsgermany.azureedge.net/img/CarAttachments\\\\1723364986663.06Messenger_creation_a32651fc-cdaa-4238-9e47-9c63b6e6d641_out.jpeg\"]', ' 1.6', '1954', 'Maroon', 'اوتوماتيك', 5, 5, 93.00, 85.00, 46.00, NULL, 'All Paint', 'AL-Diwaniyah,Private', 5, 'Fabric', 'مستعمل'),
(118, 46, 'HyundaiTucson2008', '[\"https://iqcarsgermany.azureedge.net/img/CarAttachments\\\\1723364946654.5081000019467_out.jpg\", \"https://iqcarsgermany.azureedge.net/img/CarAttachments\\\\1723364947899.88431000019464_out.jpg\", \"https://iqcarsgermany.azureedge.net/img/CarAttachments\\\\1723364950594.2291000019462_out.jpg\", \"https://iqcarsgermany.azureedge.net/img/CarAttachments\\\\1723364946654.5081000019467_out.jpg\", \"https://iqcarsgermany.azureedge.net/img/CarAttachments\\\\1723364947899.88431000019464_out.jpg\", \"https://iqcarsgermany.azureedge.net/img/CarAttachments\\\\1723364950594.2291000019462_out.jpg\"]', ' 2.0', '2370', 'Brown', 'اوتوماتيك', 4, 5, 55.00, 40.00, 25.00, NULL, '2 PartsSee Photos', 'Najaf,Private', 5, 'Fabric', 'مستعمل'),
(119, 52, 'ToyotaRAV42017', '[\"https://iqcarsgermany.azureedge.net/img/CarAttachments\\\\1723364843545.24171723327076446.jpg\", \"https://iqcarsgermany.azureedge.net/img/CarAttachments\\\\1723364844200.59961723327076492.jpg\", \"https://iqcarsgermany.azureedge.net/img/CarAttachments\\\\1723364851724.68921723327078140.jpg\", \"https://iqcarsgermany.azureedge.net/img/CarAttachments\\\\1723364843545.24171723327076446.jpg\", \"https://iqcarsgermany.azureedge.net/img/CarAttachments\\\\1723364844200.59961723327076492.jpg\", \"https://iqcarsgermany.azureedge.net/img/CarAttachments\\\\1723364851724.68921723327078140.jpg\"]', ' 2.5', '308', 'Maroon', 'اوتوماتيك', 4, 5, 84.00, 66.00, 67.00, 'Limited', '1 Part', 'Erbil,Private', 5, 'Leather', 'مستعمل'),
(120, 49, 'VolkswagenBeetle2015', '[\"https://iqcarsgermany.azureedge.net/img/CarAttachments\\\\1723364804577.09161723330006947.PNG\", \"https://iqcarsgermany.azureedge.net/img/CarAttachments\\\\1723364802742.79661723330006832.JPG\", \"https://iqcarsgermany.azureedge.net/img/CarAttachments\\\\1723364804302.82711723330006879.JPG\", \"https://iqcarsgermany.azureedge.net/img/CarAttachments\\\\1723364804577.09161723330006947.PNG\", \"https://iqcarsgermany.azureedge.net/img/CarAttachments\\\\1723364802742.79661723330006832.JPG\", \"https://iqcarsgermany.azureedge.net/img/CarAttachments\\\\1723364804302.82711723330006879.JPG\"]', ' 1.8', '5130', 'Red', 'اوتوماتيك', 6, 4, 39.00, 74.00, 62.00, 'R-Line', '2 Parts', 'Erbil,Private', 4, 'Leather', 'مستعمل'),
(121, 12, 'BMW5-Series1993', '[\"https://iqcarsgermany.azureedge.net/img/CarAttachments\\\\1723364768456.561723329541937.JPEG\", \"https://iqcarsgermany.azureedge.net/img/CarAttachments\\\\1723364769042.911723329542004.jpg\", \"https://iqcarsgermany.azureedge.net/img/CarAttachments\\\\1723364776928.17531723329563271.JPEG\", \"https://iqcarsgermany.azureedge.net/img/CarAttachments\\\\1723364768456.561723329541937.JPEG\", \"https://iqcarsgermany.azureedge.net/img/CarAttachments\\\\1723364769042.911723329542004.jpg\", \"https://iqcarsgermany.azureedge.net/img/CarAttachments\\\\1723364776928.17531723329563271.JPEG\"]', ' 4.8', '2669', 'Black', 'عادي', 5, 5, 81.00, 27.00, 62.00, '540i', 'All Paint', 'Baghdad,Private', 5, 'Leather', 'مستعمل'),
(122, 20, 'BMW7-Series1988', '[\"https://iqcarsgermany.azureedge.net/img/CarAttachments\\\\1723366122753.88841723328455992.jpg\", \"https://iqcarsgermany.azureedge.net/img/CarAttachments\\\\1723364651193.2711723328456256.jpg\", \"https://iqcarsgermany.azureedge.net/img/CarAttachments\\\\1723364653793.84771723328457028.jpg\", \"https://iqcarsgermany.azureedge.net/img/CarAttachments\\\\1723366122753.88841723328455992.jpg\", \"https://iqcarsgermany.azureedge.net/img/CarAttachments\\\\1723364651193.2711723328456256.jpg\", \"https://iqcarsgermany.azureedge.net/img/CarAttachments\\\\1723364653793.84771723328457028.jpg\"]', ' 3.0D', '3197', 'White', 'اوتوماتيك', 5, 5, 43.00, 16.00, 33.00, '735', 'No Paint', 'Babil,Private', 5, 'Leather', 'مستعمل'),
(123, 36, 'JeepCompass2018', '[\"https://iqcarsgermany.azureedge.net/img/CarAttachments\\\\1723363803781.37721723325795590.JPG\", \"https://iqcarsgermany.azureedge.net/img/CarAttachments\\\\1723363804385.25441723325795625.JPG\", \"https://iqcarsgermany.azureedge.net/img/CarAttachments\\\\1723363806410.861723325795716.JPG\", \"https://iqcarsgermany.azureedge.net/img/CarAttachments\\\\1723363803781.37721723325795590.JPG\", \"https://iqcarsgermany.azureedge.net/img/CarAttachments\\\\1723363804385.25441723325795625.JPG\", \"https://iqcarsgermany.azureedge.net/img/CarAttachments\\\\1723363806410.861723325795716.JPG\"]', ' 2.4', '2298', 'Gray', 'عادي', 5, 5, 19.00, 76.00, 45.00, 'Limited', 'No Paint', 'Baghdad,Private', 5, 'Leather', 'مستعمل'),
(124, 1, 'VolkswagenAtlas Cross Sport2023', '[\"https://iqcarsgermany.azureedge.net/img/CarAttachments\\\\1723360234357.02271723359979091.jpg\", \"https://iqcarsgermany.azureedge.net/img/CarAttachments\\\\1723360239963.11471723359980080.jpg\", \"https://iqcarsgermany.azureedge.net/img/CarAttachments\\\\1723360243325.50021723359980629.jpg\", \"https://iqcarsgermany.azureedge.net/img/CarAttachments\\\\1723360234357.02271723359979091.jpg\", \"https://iqcarsgermany.azureedge.net/img/CarAttachments\\\\1723360239963.11471723359980080.jpg\", \"https://iqcarsgermany.azureedge.net/img/CarAttachments\\\\1723360243325.50021723359980629.jpg\"]', ' 3.6', '1679', 'White', 'اوتوماتيك', 6, 5, 74.00, 47.00, 93.00, 'SEL R-Line', 'No Paint', 'Erbil,Private', 5, 'Leather', 'مستعمل');
INSERT INTO `car` (`id`, `branch_id`, `title`, `images`, `engine`, `mileage`, `color`, `transmission`, `doors`, `seats`, `price_per_day`, `price_per_hour`, `price_per_month`, `trim`, `paint_parts`, `plate`, `seat_number`, `seat_material`, `condition`) VALUES
(125, 6, 'KiaSorento2022', '[\"https://iqcarsgermany.azureedge.net/img/CarAttachments\\\\1723364610444.967IMG-20240503-WA0004_out.jpg\", \"https://iqcarsgermany.azureedge.net/img/CarAttachments\\\\1723364609115.8132IMG-20240503-WA0015_out.jpg\", \"https://iqcarsgermany.azureedge.net/img/CarAttachments\\\\1723364615791.035IMG-20240503-WA0008_out.jpg\", \"https://iqcarsgermany.azureedge.net/img/CarAttachments\\\\1723364610444.967IMG-20240503-WA0004_out.jpg\", \"https://iqcarsgermany.azureedge.net/img/CarAttachments\\\\1723364609115.8132IMG-20240503-WA0015_out.jpg\", \"https://iqcarsgermany.azureedge.net/img/CarAttachments\\\\1723364615791.035IMG-20240503-WA0008_out.jpg\"]', ' 2.5', '1284', 'Gray', 'اوتوماتيك', 6, 4, 47.00, 34.00, 20.00, NULL, '1 PartSee Photos', 'Karbala,Private', 6, 'Leather', 'مستعمل'),
(126, 56, 'FordMustang2022', '[\"https://iqcarsgermany.azureedge.net/img/CarAttachments\\\\1723363718294.12841723359020117.JPG\", \"https://iqcarsgermany.azureedge.net/img/CarAttachments\\\\1723363720776.0872WhatsAppImage2024-08-11at10.59.45_dcfc5293.jpg\", \"https://iqcarsgermany.azureedge.net/img/CarAttachments\\\\1723363718939.86551723359020143.JPG\", \"https://iqcarsgermany.azureedge.net/img/CarAttachments\\\\1723363718294.12841723359020117.JPG\", \"https://iqcarsgermany.azureedge.net/img/CarAttachments\\\\1723363720776.0872WhatsAppImage2024-08-11at10.59.45_dcfc5293.jpg\", \"https://iqcarsgermany.azureedge.net/img/CarAttachments\\\\1723363718939.86551723359020143.JPG\"]', ' 2.3', '1161', 'Blue', 'اوتوماتيك', 4, 4, 80.00, 60.00, 52.00, 'EcoBoost', '2 PartsSee Photos', 'Erbil,Private', 4, 'Leather', 'مستعمل'),
(127, 31, 'ToyotaCamry2023', '[\"https://iqcarsgermany.azureedge.net/img/CarAttachments\\\\1723363474649.22171723331544971.jpg\", \"https://iqcarsgermany.azureedge.net/img/CarAttachments\\\\1723365843803.09521723331546550.jpg\", \"https://iqcarsgermany.azureedge.net/img/CarAttachments\\\\1723363477881.671723331547523.jpg\", \"https://iqcarsgermany.azureedge.net/img/CarAttachments\\\\1723363474649.22171723331544971.jpg\", \"https://iqcarsgermany.azureedge.net/img/CarAttachments\\\\1723365843803.09521723331546550.jpg\", \"https://iqcarsgermany.azureedge.net/img/CarAttachments\\\\1723363477881.671723331547523.jpg\"]', ' 2.5', '1736', 'Cement', 'اوتوماتيك', 6, 6, 69.00, 89.00, 50.00, 'SE Night Shade', '1 PartSee Photos', 'Baghdad,Temporary', 5, 'Leather', 'مستعمل'),
(128, 40, 'ToyotaTundra2024', '[\"https://iqcarsgermany.azureedge.net/img/CarAttachments\\\\1723363146435.0941723363140202.jpg\", \"https://iqcarsgermany.azureedge.net/img/CarAttachments\\\\1723363150319.74561723363140767.jpg\", \"https://iqcarsgermany.azureedge.net/img/CarAttachments\\\\1723363148862.80541723363140492.jpg\", \"https://iqcarsgermany.azureedge.net/img/CarAttachments\\\\1723363146435.0941723363140202.jpg\", \"https://iqcarsgermany.azureedge.net/img/CarAttachments\\\\1723363150319.74561723363140767.jpg\", \"https://iqcarsgermany.azureedge.net/img/CarAttachments\\\\1723363148862.80541723363140492.jpg\"]', ' 3.5', '4977', 'Red', 'اوتوماتيك', 4, 6, 62.00, 60.00, 13.00, 'Limited', 'Clean Title', 'Erbil,Commercial', 5, 'Fabric', 'جديد'),
(129, 1, 'Ram15002022', '[\"https://iqcarsgermany.azureedge.net/img/CarAttachments\\\\1723363033815.64551723363027074.jpg\", \"https://iqcarsgermany.azureedge.net/img/CarAttachments\\\\1723363038114.6581723363027656.jpg\", \"https://iqcarsgermany.azureedge.net/img/CarAttachments\\\\1723363040111.68751723363028066.jpg\", \"https://iqcarsgermany.azureedge.net/img/CarAttachments\\\\1723363033815.64551723363027074.jpg\", \"https://iqcarsgermany.azureedge.net/img/CarAttachments\\\\1723363038114.6581723363027656.jpg\", \"https://iqcarsgermany.azureedge.net/img/CarAttachments\\\\1723363040111.68751723363028066.jpg\"]', ' 6.2', '3082', 'White', 'اوتوماتيك', 6, 6, 57.00, 58.00, 20.00, 'TRX', 'Clean Title', 'Erbil,Commercial', 5, 'Fabric', 'مستعمل'),
(130, 51, 'GMCSierra2022', '[\"https://iqcarsgermany.azureedge.net/img/CarAttachments\\\\1723362825468.81881723362817602.jpg\", \"https://iqcarsgermany.azureedge.net/img/CarAttachments\\\\1723362830842.2871723362818189.jpg\", \"https://iqcarsgermany.azureedge.net/img/CarAttachments\\\\1723362831613.8491723362818301.jpg\", \"https://iqcarsgermany.azureedge.net/img/CarAttachments\\\\1723362825468.81881723362817602.jpg\", \"https://iqcarsgermany.azureedge.net/img/CarAttachments\\\\1723362830842.2871723362818189.jpg\", \"https://iqcarsgermany.azureedge.net/img/CarAttachments\\\\1723362831613.8491723362818301.jpg\"]', ' 5.3', '258', 'Brown', 'عادي', 4, 4, 95.00, 45.00, 21.00, 'Elevation', '1 Part', 'Erbil,Commercial', 5, 'Fabric', 'مستعمل'),
(131, 20, 'ToyotaLand Cruiser Prado2011', '[\"https://iqcarsgermany.azureedge.net/img/CarAttachments\\\\1723362683900.69041723333208152.JPG\", \"https://iqcarsgermany.azureedge.net/img/CarAttachments\\\\1723362684371.5371723333208186.JPG\", \"https://iqcarsgermany.azureedge.net/img/CarAttachments\\\\1723362685123.96171723333208251.JPG\", \"https://iqcarsgermany.azureedge.net/img/CarAttachments\\\\1723362683900.69041723333208152.JPG\", \"https://iqcarsgermany.azureedge.net/img/CarAttachments\\\\1723362684371.5371723333208186.JPG\", \"https://iqcarsgermany.azureedge.net/img/CarAttachments\\\\1723362685123.96171723333208251.JPG\"]', ' 4.0', '2745', 'White', 'اوتوماتيك', 5, 6, 52.00, 95.00, 41.00, 'TXL', 'All Paint', 'Erbil,Private', 7, 'Fabric', 'مستعمل'),
(132, 52, 'KiaQuoris2014', '[\"https://iqcarsgermany.azureedge.net/img/CarAttachments\\\\1723362288597.71531723338676679.JPG\", \"https://iqcarsgermany.azureedge.net/img/CarAttachments\\\\1723362287510.47951723338676576.JPG\", \"https://iqcarsgermany.azureedge.net/img/CarAttachments\\\\1723362289625.79151723338676800.JPG\", \"https://iqcarsgermany.azureedge.net/img/CarAttachments\\\\1723362288597.71531723338676679.JPG\", \"https://iqcarsgermany.azureedge.net/img/CarAttachments\\\\1723362287510.47951723338676576.JPG\", \"https://iqcarsgermany.azureedge.net/img/CarAttachments\\\\1723362289625.79151723338676800.JPG\"]', ' 3.8', '1810', 'White', 'اوتوماتيك', 4, 6, 89.00, 42.00, 23.00, NULL, 'No Paint', 'Baghdad,Private', 5, 'Leather', 'مستعمل'),
(133, 38, 'NissanMurano2023', '[\"https://iqcarsgermany.azureedge.net/img/CarAttachments\\\\1723359563513.12521723359559485.jpg\", \"https://iqcarsgermany.azureedge.net/img/CarAttachments\\\\1723359566562.16871723359559660.JPG\", \"https://iqcarsgermany.azureedge.net/img/CarAttachments\\\\1723359571726.32321723359560175.JPG\", \"https://iqcarsgermany.azureedge.net/img/CarAttachments\\\\1723359563513.12521723359559485.jpg\", \"https://iqcarsgermany.azureedge.net/img/CarAttachments\\\\1723359566562.16871723359559660.JPG\", \"https://iqcarsgermany.azureedge.net/img/CarAttachments\\\\1723359571726.32321723359560175.JPG\"]', ' 3.5', '598', 'Black', 'عادي', 6, 6, 69.00, 89.00, 48.00, 'SV', '3 Parts', 'Erbil,Temporary', 5, 'Leather', 'مستعمل'),
(134, 9, 'ChanganCS352025', '[\"https://iqcarsgermany.azureedge.net/img/CarAttachments\\\\1723363965311.15331000047801_out.jpg\", \"https://iqcarsgermany.azureedge.net/img/CarAttachments\\\\1723364068967.85281000047799_out.jpg\", \"https://iqcarsgermany.azureedge.net/img/CarAttachments\\\\1723355677412.04881000047804_out.jpg\", \"https://iqcarsgermany.azureedge.net/img/CarAttachments\\\\1723363965311.15331000047801_out.jpg\", \"https://iqcarsgermany.azureedge.net/img/CarAttachments\\\\1723364068967.85281000047799_out.jpg\", \"https://iqcarsgermany.azureedge.net/img/CarAttachments\\\\1723355677412.04881000047804_out.jpg\"]', ' 1.4', '2800', 'Red', 'عادي', 6, 6, 54.00, 26.00, 47.00, NULL, 'No Paint', 'Erbil,Temporary', 5, 'Leather', 'جديد'),
(135, 8, 'NissanKicks2023', '[\"https://iqcarsgermany.azureedge.net/img/CarAttachments\\\\1723359382695.46171723359377504.jpg\", \"https://iqcarsgermany.azureedge.net/img/CarAttachments\\\\1723359388177.2671723359377623.jpg\", \"https://iqcarsgermany.azureedge.net/img/CarAttachments\\\\1723359389043.4651723359377654.JPG\", \"https://iqcarsgermany.azureedge.net/img/CarAttachments\\\\1723359382695.46171723359377504.jpg\", \"https://iqcarsgermany.azureedge.net/img/CarAttachments\\\\1723359388177.2671723359377623.jpg\", \"https://iqcarsgermany.azureedge.net/img/CarAttachments\\\\1723359389043.4651723359377654.JPG\"]', ' 1.6', '1069', 'Gray', 'عادي', 6, 4, 59.00, 55.00, 89.00, 'S', '1 Part', 'Erbil,Temporary', 5, 'Leather', 'مستعمل'),
(136, 6, 'Mercedes-BenzE-Class2024', '[\"https://iqcarsgermany.azureedge.net/img/CarAttachments\\\\1723333308998.89721723333274601.JPG\", \"https://iqcarsgermany.azureedge.net/img/CarAttachments\\\\1723333311536.47731723333274719.JPG\", \"https://iqcarsgermany.azureedge.net/img/CarAttachments\\\\1723333314718.3581723333274845.JPG\", \"https://iqcarsgermany.azureedge.net/img/CarAttachments\\\\1723333308998.89721723333274601.JPG\", \"https://iqcarsgermany.azureedge.net/img/CarAttachments\\\\1723333311536.47731723333274719.JPG\", \"https://iqcarsgermany.azureedge.net/img/CarAttachments\\\\1723333314718.3581723333274845.JPG\"]', ' 2.0T', '2183', 'White', 'عادي', 6, 6, 92.00, 91.00, 79.00, 'E200', 'No Paint', 'Erbil,Temporary', 5, 'Leather', 'جديد'),
(137, 1, 'DodgeDurango2023', '[\"https://iqcarsgermany.azureedge.net/img/CarAttachments\\\\1723331592429.079OutputFile_1723331562106_out.jpeg\", \"https://iqcarsgermany.azureedge.net/img/CarAttachments\\\\1723331600116.6145OutputFile_1723331562150_out.jpeg\", \"https://iqcarsgermany.azureedge.net/img/CarAttachments\\\\1723331612339.3203OutputFile_1723331562230_out.jpeg\", \"https://iqcarsgermany.azureedge.net/img/CarAttachments\\\\1723331592429.079OutputFile_1723331562106_out.jpeg\", \"https://iqcarsgermany.azureedge.net/img/CarAttachments\\\\1723331600116.6145OutputFile_1723331562150_out.jpeg\", \"https://iqcarsgermany.azureedge.net/img/CarAttachments\\\\1723331612339.3203OutputFile_1723331562230_out.jpeg\"]', ' 3.6', '2031', 'Cement', 'اوتوماتيك', 6, 6, 25.00, 59.00, 28.00, 'GT Plus', '3 Parts', 'Erbil,Temporary', 7, 'Leather', 'مستعمل'),
(138, 3, 'ToyotaLand Cruiser2024', '[\"https://iqcarsgermany.azureedge.net/img/CarAttachments\\\\1723333156536.67871723333150615.JPG\", \"https://iqcarsgermany.azureedge.net/img/CarAttachments\\\\1723333160244.7871723333150727.JPG\", \"https://iqcarsgermany.azureedge.net/img/CarAttachments\\\\1723333164981.70171723333150880.JPG\", \"https://iqcarsgermany.azureedge.net/img/CarAttachments\\\\1723333156536.67871723333150615.JPG\", \"https://iqcarsgermany.azureedge.net/img/CarAttachments\\\\1723333160244.7871723333150727.JPG\", \"https://iqcarsgermany.azureedge.net/img/CarAttachments\\\\1723333164981.70171723333150880.JPG\"]', ' 4.0', '3386', 'White', 'اوتوماتيك', 5, 5, 45.00, 40.00, 56.00, 'GXR 4.0L full option', 'No Paint', 'Erbil,Temporary', 7, 'Leather', 'جديد'),
(139, 10, 'HyundaiPalisade2022', '[\"https://iqcarsgermany.azureedge.net/img/CarAttachments\\\\1723331455864.3176OutputFile_1723331436291_out.jpeg\", \"https://iqcarsgermany.azureedge.net/img/CarAttachments\\\\1723331460543.4768OutputFile_1723331436355_out.jpeg\", \"https://iqcarsgermany.azureedge.net/img/CarAttachments\\\\1723331476553.889OutputFile_1723331436482_out.jpeg\", \"https://iqcarsgermany.azureedge.net/img/CarAttachments\\\\1723331455864.3176OutputFile_1723331436291_out.jpeg\", \"https://iqcarsgermany.azureedge.net/img/CarAttachments\\\\1723331460543.4768OutputFile_1723331436355_out.jpeg\", \"https://iqcarsgermany.azureedge.net/img/CarAttachments\\\\1723331476553.889OutputFile_1723331436482_out.jpeg\"]', ' 3.8', '5157', 'White', 'اوتوماتيك', 5, 6, 61.00, 37.00, 81.00, 'Calligraphy', 'No Paint', 'Erbil,Temporary', 7, 'Leather', 'مستعمل'),
(140, 13, 'ToyotaSequoia2024', '[\"https://iqcarsgermany.azureedge.net/img/CarAttachments\\\\1723331800900.8953OutputFile_1723331790500_out.jpeg\", \"https://iqcarsgermany.azureedge.net/img/CarAttachments\\\\1723331812196.0144OutputFile_1723331790562_out.jpeg\", \"https://iqcarsgermany.azureedge.net/img/CarAttachments\\\\1723331811020.3015OutputFile_1723331790552_out.jpeg\", \"https://iqcarsgermany.azureedge.net/img/CarAttachments\\\\1723331800900.8953OutputFile_1723331790500_out.jpeg\", \"https://iqcarsgermany.azureedge.net/img/CarAttachments\\\\1723331812196.0144OutputFile_1723331790562_out.jpeg\", \"https://iqcarsgermany.azureedge.net/img/CarAttachments\\\\1723331811020.3015OutputFile_1723331790552_out.jpeg\"]', ' 3.5T', '4489', 'Black', 'عادي', 5, 5, 17.00, 13.00, 95.00, NULL, 'No Paint', 'Erbil,Temporary', 5, 'Fabric', 'جديد'),
(141, 4, 'VolkswagenJetta2023', '[\"https://iqcarsgermany.azureedge.net/img/CarAttachments\\\\1723331327884.6257OutputFile_1723331309766_out.jpeg\", \"https://iqcarsgermany.azureedge.net/img/CarAttachments\\\\1723331329475.975OutputFile_1723331309830_out.jpeg\", \"https://iqcarsgermany.azureedge.net/img/CarAttachments\\\\1723331346613.114OutputFile_1723331309930_out.jpeg\", \"https://iqcarsgermany.azureedge.net/img/CarAttachments\\\\1723331327884.6257OutputFile_1723331309766_out.jpeg\", \"https://iqcarsgermany.azureedge.net/img/CarAttachments\\\\1723331329475.975OutputFile_1723331309830_out.jpeg\", \"https://iqcarsgermany.azureedge.net/img/CarAttachments\\\\1723331346613.114OutputFile_1723331309930_out.jpeg\"]', ' 2.0', '1298', 'Cement', 'عادي', 4, 6, 65.00, 33.00, 48.00, 'GLI', '1 Part', 'Erbil,Temporary', 5, 'Leather', 'مستعمل'),
(142, 11, 'ToyotaSequoia2024', '[\"https://iqcarsgermany.azureedge.net/img/CarAttachments\\\\1723331759929.5842OutputFile_1723331723483_out.jpeg\", \"https://iqcarsgermany.azureedge.net/img/CarAttachments\\\\1723331772558.5813OutputFile_1723331723540_out.jpeg\", \"https://iqcarsgermany.azureedge.net/img/CarAttachments\\\\1723331771348.203OutputFile_1723331723525_out.jpeg\", \"https://iqcarsgermany.azureedge.net/img/CarAttachments\\\\1723331759929.5842OutputFile_1723331723483_out.jpeg\", \"https://iqcarsgermany.azureedge.net/img/CarAttachments\\\\1723331772558.5813OutputFile_1723331723540_out.jpeg\", \"https://iqcarsgermany.azureedge.net/img/CarAttachments\\\\1723331771348.203OutputFile_1723331723525_out.jpeg\"]', ' 3.5T', '3718', 'White', 'عادي', 5, 5, 41.00, 51.00, 33.00, NULL, 'No Paint', 'Erbil,Temporary', 5, 'Fabric', 'جديد'),
(143, 10, 'NissanSunny2020', '[\"https://iqcarsgermany.azureedge.net/img/CarAttachments\\\\1723360123036.49541000006419_out.jpg\", \"https://iqcarsgermany.azureedge.net/img/CarAttachments\\\\1723360123514.7161000006420_out.jpg\", \"https://iqcarsgermany.azureedge.net/img/CarAttachments\\\\1723360126504.89091000006421_out.jpg\", \"https://iqcarsgermany.azureedge.net/img/CarAttachments\\\\1723360123036.49541000006419_out.jpg\", \"https://iqcarsgermany.azureedge.net/img/CarAttachments\\\\1723360123514.7161000006420_out.jpg\", \"https://iqcarsgermany.azureedge.net/img/CarAttachments\\\\1723360126504.89091000006421_out.jpg\"]', ' 1.5', '3562', 'White', 'عادي', 4, 4, 94.00, 91.00, 74.00, 'SL', 'No Paint', 'Erbil,Private', 5, 'Fabric', 'مستعمل'),
(144, 48, 'KiaStinger2022', '[\"https://iqcarsgermany.azureedge.net/img/CarAttachments\\\\1723331229273.9993OutputFile_1723331213683_out.jpeg\", \"https://iqcarsgermany.azureedge.net/img/CarAttachments\\\\1723331233915.2236OutputFile_1723331213726_out.jpeg\", \"https://iqcarsgermany.azureedge.net/img/CarAttachments\\\\1723331244362.2676OutputFile_1723331213808_out.jpeg\", \"https://iqcarsgermany.azureedge.net/img/CarAttachments\\\\1723331229273.9993OutputFile_1723331213683_out.jpeg\", \"https://iqcarsgermany.azureedge.net/img/CarAttachments\\\\1723331233915.2236OutputFile_1723331213726_out.jpeg\", \"https://iqcarsgermany.azureedge.net/img/CarAttachments\\\\1723331244362.2676OutputFile_1723331213808_out.jpeg\"]', ' 3.3', '977', 'Gray', 'عادي', 5, 4, 88.00, 28.00, 45.00, 'GT1', '1 Part', 'Erbil,Temporary', 5, 'Leather', 'مستعمل'),
(145, 52, 'Chrysler3002019', '[\"https://iqcarsgermany.azureedge.net/img/CarAttachments\\\\1723358554383.19681723352542705.jpg\", \"https://iqcarsgermany.azureedge.net/img/CarAttachments\\\\1723358555452.94431723352542871.jpg\", \"https://iqcarsgermany.azureedge.net/img/CarAttachments\\\\1723358556060.82671723352542983.jpg\", \"https://iqcarsgermany.azureedge.net/img/CarAttachments\\\\1723358554383.19681723352542705.jpg\", \"https://iqcarsgermany.azureedge.net/img/CarAttachments\\\\1723358555452.94431723352542871.jpg\", \"https://iqcarsgermany.azureedge.net/img/CarAttachments\\\\1723358556060.82671723352542983.jpg\"]', ' 3.6', '4896', 'Red', 'عادي', 5, 4, 44.00, 76.00, 57.00, 'S', 'Clean Title', 'Erbil,Private', 5, 'Leather', 'مستعمل'),
(146, 35, 'ToyotaLand Cruiser2024', '[\"https://iqcarsgermany.azureedge.net/img/CarAttachments\\\\1723330567574.2957OutputFile_1723330550413_out.jpeg\", \"https://iqcarsgermany.azureedge.net/img/CarAttachments\\\\1723330569109.0134OutputFile_1723330550474_out.jpeg\", \"https://iqcarsgermany.azureedge.net/img/CarAttachments\\\\1723330580017.4656OutputFile_1723330550605_out.jpeg\", \"https://iqcarsgermany.azureedge.net/img/CarAttachments\\\\1723330567574.2957OutputFile_1723330550413_out.jpeg\", \"https://iqcarsgermany.azureedge.net/img/CarAttachments\\\\1723330569109.0134OutputFile_1723330550474_out.jpeg\", \"https://iqcarsgermany.azureedge.net/img/CarAttachments\\\\1723330580017.4656OutputFile_1723330550605_out.jpeg\"]', ' 4.0', '4953', 'White', 'عادي', 6, 4, 48.00, 58.00, 48.00, 'GXR 4.0L Limited', 'No Paint', 'Erbil,Private', 7, 'Leather', 'جديد'),
(147, 49, 'FordMustang2019', '[\"https://iqcarsgermany.azureedge.net/img/CarAttachments\\\\1723362410495.14821723355932521.jpg\", \"https://iqcarsgermany.azureedge.net/img/CarAttachments\\\\1723358501572.85131723355932285.JPG\", \"https://iqcarsgermany.azureedge.net/img/CarAttachments\\\\1723358502917.18211723355932693.jpg\", \"https://iqcarsgermany.azureedge.net/img/CarAttachments\\\\1723362410495.14821723355932521.jpg\", \"https://iqcarsgermany.azureedge.net/img/CarAttachments\\\\1723358501572.85131723355932285.JPG\", \"https://iqcarsgermany.azureedge.net/img/CarAttachments\\\\1723358502917.18211723355932693.jpg\"]', ' 2.3', '4399', 'Red', 'عادي', 5, 6, 57.00, 40.00, 19.00, 'EcoBoost Premium', '3 PartsSee Photos', 'Baghdad,Private', 4, 'Leather', 'مستعمل'),
(148, 45, 'LexusES2022', '[\"https://iqcarsgermany.azureedge.net/img/CarAttachments\\\\1723330036928.364OutputFile_1723330010202_out.jpeg\", \"https://iqcarsgermany.azureedge.net/img/CarAttachments\\\\1723330038953.9395OutputFile_1723330010232_out.jpeg\", \"https://iqcarsgermany.azureedge.net/img/CarAttachments\\\\1723330050205.9954OutputFile_1723330010319_out.jpeg\", \"https://iqcarsgermany.azureedge.net/img/CarAttachments\\\\1723330036928.364OutputFile_1723330010202_out.jpeg\", \"https://iqcarsgermany.azureedge.net/img/CarAttachments\\\\1723330038953.9395OutputFile_1723330010232_out.jpeg\", \"https://iqcarsgermany.azureedge.net/img/CarAttachments\\\\1723330050205.9954OutputFile_1723330010319_out.jpeg\"]', ' 3.5', '1457', 'White', 'اوتوماتيك', 6, 5, 58.00, 41.00, 24.00, '350', 'No Paint', 'Erbil,Private', 5, 'Leather', 'مستعمل'),
(149, 25, 'ToyotaAvalon2019', '[\"https://iqcarsgermany.azureedge.net/img/CarAttachments\\\\1723362365141.31131723356407473.JPG\", \"https://iqcarsgermany.azureedge.net/img/CarAttachments\\\\1723356795867.6541723356407598.JPG\", \"https://iqcarsgermany.azureedge.net/img/CarAttachments\\\\1723356795234.69171723356407528.JPG\", \"https://iqcarsgermany.azureedge.net/img/CarAttachments\\\\1723362365141.31131723356407473.JPG\", \"https://iqcarsgermany.azureedge.net/img/CarAttachments\\\\1723356795867.6541723356407598.JPG\", \"https://iqcarsgermany.azureedge.net/img/CarAttachments\\\\1723356795234.69171723356407528.JPG\"]', ' 3.5', '4785', 'Dark Blue', 'اوتوماتيك', 4, 6, 75.00, 24.00, 68.00, 'XLE', '1 Part', 'Erbil,Private', 5, 'Leather', 'مستعمل'),
(150, 47, 'ToyotaCorolla2024', '[\"https://iqcarsgermany.azureedge.net/img/CarAttachments\\\\1723329881874.7593OutputFile_1723329871945_out.jpeg\", \"https://iqcarsgermany.azureedge.net/img/CarAttachments\\\\1723329883080.6226OutputFile_1723329872007_out.jpeg\", \"https://iqcarsgermany.azureedge.net/img/CarAttachments\\\\1723329894435.8796OutputFile_1723329872108_out.jpeg\", \"https://iqcarsgermany.azureedge.net/img/CarAttachments\\\\1723329881874.7593OutputFile_1723329871945_out.jpeg\", \"https://iqcarsgermany.azureedge.net/img/CarAttachments\\\\1723329883080.6226OutputFile_1723329872007_out.jpeg\", \"https://iqcarsgermany.azureedge.net/img/CarAttachments\\\\1723329894435.8796OutputFile_1723329872108_out.jpeg\"]', ' 1.8', '2961', 'White', 'عادي', 5, 5, 77.00, 80.00, 71.00, NULL, 'No Paint', 'Erbil,Temporary', 5, 'Fabric', 'جديد'),
(151, 11, 'Land RoverRange Rover Vogue2017', '[\"https://iqcarsgermany.azureedge.net/img/CarAttachments\\\\1723334077270.36521723333825336.jpg\", \"https://iqcarsgermany.azureedge.net/img/CarAttachments\\\\1723334079947.48021723333825709.jpg\", \"https://iqcarsgermany.azureedge.net/img/CarAttachments\\\\1723334088248.5781723333827210.jpg\", \"https://iqcarsgermany.azureedge.net/img/CarAttachments\\\\1723334077270.36521723333825336.jpg\", \"https://iqcarsgermany.azureedge.net/img/CarAttachments\\\\1723334079947.48021723333825709.jpg\", \"https://iqcarsgermany.azureedge.net/img/CarAttachments\\\\1723334088248.5781723333827210.jpg\"]', ' 5.0', '227', 'White', 'عادي', 6, 5, 14.00, 30.00, 98.00, NULL, 'Clean Title', 'Baghdad,Private', 5, 'Leather', 'مستعمل'),
(152, 23, 'Land RoverRange Rover Velar2018', '[\"https://iqcarsgermany.azureedge.net/img/CarAttachments\\\\1723329567002.378OutputFile_1723329536169_out.jpeg\", \"https://iqcarsgermany.azureedge.net/img/CarAttachments\\\\1723329572653.2305OutputFile_1723329536191_out.jpeg\", \"https://iqcarsgermany.azureedge.net/img/CarAttachments\\\\1723329584309.9673OutputFile_1723329536315_out.jpeg\", \"https://iqcarsgermany.azureedge.net/img/CarAttachments\\\\1723329567002.378OutputFile_1723329536169_out.jpeg\", \"https://iqcarsgermany.azureedge.net/img/CarAttachments\\\\1723329572653.2305OutputFile_1723329536191_out.jpeg\", \"https://iqcarsgermany.azureedge.net/img/CarAttachments\\\\1723329584309.9673OutputFile_1723329536315_out.jpeg\"]', ' 2.0', '2953', 'Gray', 'عادي', 4, 5, 32.00, 34.00, 65.00, 'S', '2 Parts', 'Erbil,Private', 5, 'Leather', 'مستعمل'),
(153, 44, 'ChevroletTraverse2022', '[\"https://iqcarsgermany.azureedge.net/img/CarAttachments\\\\1723362204628.4141723327222379.PNG\", \"https://iqcarsgermany.azureedge.net/img/CarAttachments\\\\1723328521293.73461723327222473.jpg\", \"https://iqcarsgermany.azureedge.net/img/CarAttachments\\\\1723328521990.61771723327222782.PNG\", \"https://iqcarsgermany.azureedge.net/img/CarAttachments\\\\1723362204628.4141723327222379.PNG\", \"https://iqcarsgermany.azureedge.net/img/CarAttachments\\\\1723328521293.73461723327222473.jpg\", \"https://iqcarsgermany.azureedge.net/img/CarAttachments\\\\1723328521990.61771723327222782.PNG\"]', ' 3.6', '2947', 'Red', 'عادي', 5, 6, 34.00, 57.00, 83.00, 'LT', '1 PartSee Photos', 'Basra,Private', 7, 'Fabric', 'مستعمل'),
(154, 27, 'LexusLX2024', '[\"https://iqcarsgermany.azureedge.net/img/CarAttachments\\\\1723329174938.1946OutputFile_1723329162742_out.jpeg\", \"https://iqcarsgermany.azureedge.net/img/CarAttachments\\\\1723329177112.556OutputFile_1723329162761_out.jpeg\", \"https://iqcarsgermany.azureedge.net/img/CarAttachments\\\\1723329193185.8745OutputFile_1723329162818_out.jpeg\", \"https://iqcarsgermany.azureedge.net/img/CarAttachments\\\\1723329174938.1946OutputFile_1723329162742_out.jpeg\", \"https://iqcarsgermany.azureedge.net/img/CarAttachments\\\\1723329177112.556OutputFile_1723329162761_out.jpeg\", \"https://iqcarsgermany.azureedge.net/img/CarAttachments\\\\1723329193185.8745OutputFile_1723329162818_out.jpeg\"]', ' 3.5T', '5655', 'Black', 'عادي', 4, 6, 53.00, 97.00, 46.00, '600', 'No Paint', 'Erbil,Temporary', 7, 'Leather', 'جديد'),
(155, 38, 'ToyotaCamry2023', '[\"https://iqcarsgermany.azureedge.net/img/CarAttachments\\\\1723361254636.74271723304204027.JPG\", \"https://iqcarsgermany.azureedge.net/img/CarAttachments\\\\1723361272836.5441723304204982.JPG\", \"https://iqcarsgermany.azureedge.net/img/CarAttachments\\\\1723327986532.06151723304232799.JPG\", \"https://iqcarsgermany.azureedge.net/img/CarAttachments\\\\1723361254636.74271723304204027.JPG\", \"https://iqcarsgermany.azureedge.net/img/CarAttachments\\\\1723361272836.5441723304204982.JPG\", \"https://iqcarsgermany.azureedge.net/img/CarAttachments\\\\1723327986532.06151723304232799.JPG\"]', ' 2.5', '2839', 'Black', 'اوتوماتيك', 4, 5, 19.00, 37.00, 29.00, 'SE', '2 PartsSee Photos', 'Duhok,Private', 5, 'Mix', 'مستعمل'),
(156, 13, 'LexusLX2023', '[\"https://iqcarsgermany.azureedge.net/img/CarAttachments\\\\1723329095458.5913OutputFile_1723329076037_out.jpeg\", \"https://iqcarsgermany.azureedge.net/img/CarAttachments\\\\1723329096985.278OutputFile_1723329076070_out.jpeg\", \"https://iqcarsgermany.azureedge.net/img/CarAttachments\\\\1723329110889.704OutputFile_1723329076180_out.jpeg\", \"https://iqcarsgermany.azureedge.net/img/CarAttachments\\\\1723329095458.5913OutputFile_1723329076037_out.jpeg\", \"https://iqcarsgermany.azureedge.net/img/CarAttachments\\\\1723329096985.278OutputFile_1723329076070_out.jpeg\", \"https://iqcarsgermany.azureedge.net/img/CarAttachments\\\\1723329110889.704OutputFile_1723329076180_out.jpeg\"]', ' 3.5T', '2469', 'Black', 'اوتوماتيك', 4, 5, 26.00, 34.00, 81.00, '600', 'No Paint', 'Erbil,Temporary', 4, 'Leather', 'جديد'),
(157, 34, 'HyundaiTucson2023', '[\"https://iqcarsgermany.azureedge.net/img/CarAttachments\\\\1723361179442.0391000117606_out.jpg\", \"https://iqcarsgermany.azureedge.net/img/CarAttachments\\\\1723361193306.92241000117613_out.jpg\", \"https://iqcarsgermany.azureedge.net/img/CarAttachments\\\\1723327766487.12081000117609_out.jpg\", \"https://iqcarsgermany.azureedge.net/img/CarAttachments\\\\1723361179442.0391000117606_out.jpg\", \"https://iqcarsgermany.azureedge.net/img/CarAttachments\\\\1723361193306.92241000117613_out.jpg\", \"https://iqcarsgermany.azureedge.net/img/CarAttachments\\\\1723327766487.12081000117609_out.jpg\"]', ' 2.5', '3607', 'Gray', 'عادي', 5, 5, 26.00, 54.00, 96.00, 'Limited', '1 PartSee Photos', 'Baghdad,Temporary', 5, 'Leather', 'مستعمل'),
(158, 31, 'LexusLX2023', '[\"https://iqcarsgermany.azureedge.net/img/CarAttachments\\\\1723328974282.2585OutputFile_1723328959101_out.jpeg\", \"https://iqcarsgermany.azureedge.net/img/CarAttachments\\\\1723328975885.2393OutputFile_1723328959134_out.jpeg\", \"https://iqcarsgermany.azureedge.net/img/CarAttachments\\\\1723328990566.5728OutputFile_1723328959319_out.jpeg\", \"https://iqcarsgermany.azureedge.net/img/CarAttachments\\\\1723328974282.2585OutputFile_1723328959101_out.jpeg\", \"https://iqcarsgermany.azureedge.net/img/CarAttachments\\\\1723328975885.2393OutputFile_1723328959134_out.jpeg\", \"https://iqcarsgermany.azureedge.net/img/CarAttachments\\\\1723328990566.5728OutputFile_1723328959319_out.jpeg\"]', ' 3.5T', '4950', 'White', 'عادي', 6, 5, 37.00, 68.00, 39.00, '600', 'No Paint', 'Erbil,Temporary', 5, 'Leather', 'جديد'),
(159, 15, 'BMW5-Series2019', '[\"https://iqcarsgermany.azureedge.net/img/CarAttachments\\\\1723326406238.09081723324450886.JPG\", \"https://iqcarsgermany.azureedge.net/img/CarAttachments\\\\1723326408809.26881723324450968.JPG\", \"https://iqcarsgermany.azureedge.net/img/CarAttachments\\\\1723326410815.45431723324451047.JPG\", \"https://iqcarsgermany.azureedge.net/img/CarAttachments\\\\1723326406238.09081723324450886.JPG\", \"https://iqcarsgermany.azureedge.net/img/CarAttachments\\\\1723326408809.26881723324450968.JPG\", \"https://iqcarsgermany.azureedge.net/img/CarAttachments\\\\1723326410815.45431723324451047.JPG\"]', ' 2.0', '2790', 'Black', 'اوتوماتيك', 4, 4, 74.00, 60.00, 71.00, '530i', '1 PartSee Photos', 'Duhok,Private', 5, 'Leather', 'مستعمل'),
(160, 14, 'ToyotaHighlander2023', '[\"https://iqcarsgermany.azureedge.net/img/CarAttachments\\\\1723326752223.0908OutputFile_1723326720027_out.jpeg\", \"https://iqcarsgermany.azureedge.net/img/CarAttachments\\\\1723326760203.6685OutputFile_1723326720110_out.jpeg\", \"https://iqcarsgermany.azureedge.net/img/CarAttachments\\\\1723326786916.0457OutputFile_1723326720320_out.jpeg\", \"https://iqcarsgermany.azureedge.net/img/CarAttachments\\\\1723326752223.0908OutputFile_1723326720027_out.jpeg\", \"https://iqcarsgermany.azureedge.net/img/CarAttachments\\\\1723326760203.6685OutputFile_1723326720110_out.jpeg\", \"https://iqcarsgermany.azureedge.net/img/CarAttachments\\\\1723326786916.0457OutputFile_1723326720320_out.jpeg\"]', ' 2.5', '4341', 'Maroon', 'عادي', 6, 4, 75.00, 64.00, 86.00, 'Limited', 'No Paint', 'Baghdad,Private', 7, 'Leather', 'جديد'),
(161, 34, 'ToyotaLand Cruiser2024', '[\"https://iqcarsgermany.azureedge.net/img/CarAttachments\\\\1723326705970.11281000048364_out.jpg\", \"https://iqcarsgermany.azureedge.net/img/CarAttachments\\\\1723326708370.59771000048367_out.jpg\", \"https://iqcarsgermany.azureedge.net/img/CarAttachments\\\\1723326707733.5351000048366_out.jpg\", \"https://iqcarsgermany.azureedge.net/img/CarAttachments\\\\1723326705970.11281000048364_out.jpg\", \"https://iqcarsgermany.azureedge.net/img/CarAttachments\\\\1723326708370.59771000048367_out.jpg\", \"https://iqcarsgermany.azureedge.net/img/CarAttachments\\\\1723326707733.5351000048366_out.jpg\"]', ' 4.0', '2198', 'Black', 'اوتوماتيك', 6, 4, 46.00, 53.00, 28.00, 'GXR 4.0L full option', 'No Paint', 'Baghdad,Private', 7, 'Leather', 'جديد'),
(162, 50, 'ToyotaLand Cruiser2024', '[\"https://iqcarsgermany.azureedge.net/img/CarAttachments\\\\1723326272978.24931000048359_out.jpg\", \"https://iqcarsgermany.azureedge.net/img/CarAttachments\\\\1723326275860.64551000048362_out.jpg\", \"https://iqcarsgermany.azureedge.net/img/CarAttachments\\\\1723326275164.621000048361_out.jpg\", \"https://iqcarsgermany.azureedge.net/img/CarAttachments\\\\1723326272978.24931000048359_out.jpg\", \"https://iqcarsgermany.azureedge.net/img/CarAttachments\\\\1723326275860.64551000048362_out.jpg\", \"https://iqcarsgermany.azureedge.net/img/CarAttachments\\\\1723326275164.621000048361_out.jpg\"]', ' 4.0', '3205', 'White', 'عادي', 5, 5, 61.00, 33.00, 61.00, 'GXR 4.0L Limited', 'No Paint', 'Baghdad,Private', 7, 'Leather', 'جديد'),
(163, 52, 'ToyotaLand Cruiser Prado2024', '[\"https://iqcarsgermany.azureedge.net/img/CarAttachments\\\\1723326011140.0331000048393_out.jpg\", \"https://iqcarsgermany.azureedge.net/img/CarAttachments\\\\1723326012554.4851000048395_out.jpg\", \"https://iqcarsgermany.azureedge.net/img/CarAttachments\\\\1723326011903.04541000048394_out.jpg\", \"https://iqcarsgermany.azureedge.net/img/CarAttachments\\\\1723326011140.0331000048393_out.jpg\", \"https://iqcarsgermany.azureedge.net/img/CarAttachments\\\\1723326012554.4851000048395_out.jpg\", \"https://iqcarsgermany.azureedge.net/img/CarAttachments\\\\1723326011903.04541000048394_out.jpg\"]', ' 3.0TD', '3752', 'Sandy Taupe', 'اوتوماتيك', 4, 4, 17.00, 74.00, 38.00, 'RS', 'No Paint', 'Baghdad,Private', 7, 'Leather', 'جديد'),
(164, 44, 'GMCYukon2024', '[\"https://iqcarsgermany.azureedge.net/img/CarAttachments\\\\1723325795973.00441000048370_out.jpg\", \"https://iqcarsgermany.azureedge.net/img/CarAttachments\\\\1723325797952.5221000048371_out.jpg\", \"https://iqcarsgermany.azureedge.net/img/CarAttachments\\\\1723325799564.91921000048373_out.jpg\", \"https://iqcarsgermany.azureedge.net/img/CarAttachments\\\\1723325795973.00441000048370_out.jpg\", \"https://iqcarsgermany.azureedge.net/img/CarAttachments\\\\1723325797952.5221000048371_out.jpg\", \"https://iqcarsgermany.azureedge.net/img/CarAttachments\\\\1723325799564.91921000048373_out.jpg\"]', ' 6.2', '3469', 'Black', 'عادي', 5, 5, 50.00, 37.00, 26.00, 'Denali', 'No Paint', 'Baghdad,Private', 7, 'Leather', 'جديد'),
(165, 20, 'CadillacEscalade2024', '[\"https://iqcarsgermany.azureedge.net/img/CarAttachments\\\\1723325470336.2721000048350_out.jpg\", \"https://iqcarsgermany.azureedge.net/img/CarAttachments\\\\1723325471699.77121000048352_out.jpg\", \"https://iqcarsgermany.azureedge.net/img/CarAttachments\\\\1723325470985.26171000048351_out.jpg\", \"https://iqcarsgermany.azureedge.net/img/CarAttachments\\\\1723325470336.2721000048350_out.jpg\", \"https://iqcarsgermany.azureedge.net/img/CarAttachments\\\\1723325471699.77121000048352_out.jpg\", \"https://iqcarsgermany.azureedge.net/img/CarAttachments\\\\1723325470985.26171000048351_out.jpg\"]', ' 6.2', '409', 'Black', 'اوتوماتيك', 6, 4, 10.00, 51.00, 36.00, NULL, 'No Paint', 'Baghdad,Private', 7, 'Leather', 'جديد'),
(166, 27, 'ToyotaLand Cruiser Prado2012', '[\"https://iqcarsgermany.azureedge.net/img/CarAttachments\\\\1723361082133.26371723325700092.JPG\", \"https://iqcarsgermany.azureedge.net/img/CarAttachments\\\\1723326031586.0061723325700136.jpg\", \"https://iqcarsgermany.azureedge.net/img/CarAttachments\\\\1723326032207.99121723325700175.jpg\", \"https://iqcarsgermany.azureedge.net/img/CarAttachments\\\\1723361082133.26371723325700092.JPG\", \"https://iqcarsgermany.azureedge.net/img/CarAttachments\\\\1723326031586.0061723325700136.jpg\", \"https://iqcarsgermany.azureedge.net/img/CarAttachments\\\\1723326032207.99121723325700175.jpg\"]', ' 4.0', '2338', 'White', 'عادي', 4, 4, 16.00, 53.00, 28.00, 'TXL', 'Clean Title', 'Erbil,Private', 7, 'Leather', 'مستعمل'),
(167, 37, 'VolkswagenAtlas2021', '[\"https://iqcarsgermany.azureedge.net/img/CarAttachments\\\\1723325761494.1461723325096376.JPG\", \"https://iqcarsgermany.azureedge.net/img/CarAttachments\\\\1723325759729.8161723325095865.jpg\", \"https://iqcarsgermany.azureedge.net/img/CarAttachments\\\\1723325767864.86651723325098240.PNG\", \"https://iqcarsgermany.azureedge.net/img/CarAttachments\\\\1723325761494.1461723325096376.JPG\", \"https://iqcarsgermany.azureedge.net/img/CarAttachments\\\\1723325759729.8161723325095865.jpg\", \"https://iqcarsgermany.azureedge.net/img/CarAttachments\\\\1723325767864.86651723325098240.PNG\"]', ' 3.6', '4784', 'White', 'عادي', 5, 6, 61.00, 34.00, 64.00, 'SE', '2 PartsSee Photos', 'Erbil,Private', 6, 'Leather', 'مستعمل'),
(168, 45, 'LexusLX2021', '[\"https://iqcarsgermany.azureedge.net/img/CarAttachments\\\\1723325128832.91161000048339_out.jpg\", \"https://iqcarsgermany.azureedge.net/img/CarAttachments\\\\1723325132058.3281000048342_out.jpg\", \"https://iqcarsgermany.azureedge.net/img/CarAttachments\\\\1723325131365.46751000048341_out.jpg\", \"https://iqcarsgermany.azureedge.net/img/CarAttachments\\\\1723325128832.91161000048339_out.jpg\", \"https://iqcarsgermany.azureedge.net/img/CarAttachments\\\\1723325132058.3281000048342_out.jpg\", \"https://iqcarsgermany.azureedge.net/img/CarAttachments\\\\1723325131365.46751000048341_out.jpg\"]', ' 5.7', '310', 'White', 'عادي', 4, 4, 30.00, 37.00, 85.00, '570', 'No Paint', 'Baghdad,Private', 7, 'Leather', 'جديد'),
(169, 47, 'NissanSentra2022', '[\"https://iqcarsgermany.azureedge.net/img/CarAttachments\\\\1723325319085.211723324653708.jpg\", \"https://iqcarsgermany.azureedge.net/img/CarAttachments\\\\1723325315951.95751723324676291.jpg\", \"https://iqcarsgermany.azureedge.net/img/CarAttachments\\\\1723325320376.32131723324654151.jpg\", \"https://iqcarsgermany.azureedge.net/img/CarAttachments\\\\1723325319085.211723324653708.jpg\", \"https://iqcarsgermany.azureedge.net/img/CarAttachments\\\\1723325315951.95751723324676291.jpg\", \"https://iqcarsgermany.azureedge.net/img/CarAttachments\\\\1723325320376.32131723324654151.jpg\"]', ' 2.0', '3354', 'White', 'عادي', 4, 4, 37.00, 10.00, 21.00, 'SR', '2 Parts', 'Erbil,Private', 5, 'Fabric', 'مستعمل'),
(170, 3, 'Chrysler3002022', '[\"https://iqcarsgermany.azureedge.net/img/CarAttachments\\\\1723331769111.816DSC09997.JPG\", \"https://iqcarsgermany.azureedge.net/img/CarAttachments\\\\1723331776501.673DSC09999.JPG\", \"https://iqcarsgermany.azureedge.net/img/CarAttachments\\\\1723331830329.7795DSC00002.JPG\", \"https://iqcarsgermany.azureedge.net/img/CarAttachments\\\\1723331769111.816DSC09997.JPG\", \"https://iqcarsgermany.azureedge.net/img/CarAttachments\\\\1723331776501.673DSC09999.JPG\", \"https://iqcarsgermany.azureedge.net/img/CarAttachments\\\\1723331830329.7795DSC00002.JPG\"]', ' 3.6', '4704', 'Black', 'اوتوماتيك', 4, 4, 64.00, 70.00, 55.00, 'S', 'Clean Title', 'Erbil,Private', 5, 'Leather', 'مستعمل'),
(171, 10, 'ToyotaLand Cruiser2024', '[\"https://iqcarsgermany.azureedge.net/img/CarAttachments\\\\1723324449234.10351000048355_out.jpg\", \"https://iqcarsgermany.azureedge.net/img/CarAttachments\\\\1723324451507.43871000048357_out.jpg\", \"https://iqcarsgermany.azureedge.net/img/CarAttachments\\\\1723324450772.8191000048356_out.jpg\", \"https://iqcarsgermany.azureedge.net/img/CarAttachments\\\\1723324449234.10351000048355_out.jpg\", \"https://iqcarsgermany.azureedge.net/img/CarAttachments\\\\1723324451507.43871000048357_out.jpg\", \"https://iqcarsgermany.azureedge.net/img/CarAttachments\\\\1723324450772.8191000048356_out.jpg\"]', ' 4.0', '2319', 'White', 'اوتوماتيك', 4, 5, 57.00, 21.00, 12.00, 'GXR 4.0L full option', 'No Paint', 'Baghdad,Private', 7, 'Leather', 'جديد'),
(172, 26, 'DodgeCharger2022', '[\"https://iqcarsgermany.azureedge.net/img/CarAttachments\\\\1723331919942.294DSC09959.JPG\", \"https://iqcarsgermany.azureedge.net/img/CarAttachments\\\\1723331917773.966DSC09961.JPG\", \"https://iqcarsgermany.azureedge.net/img/CarAttachments\\\\1723331928529.2163DSC09955.JPG\", \"https://iqcarsgermany.azureedge.net/img/CarAttachments\\\\1723331919942.294DSC09959.JPG\", \"https://iqcarsgermany.azureedge.net/img/CarAttachments\\\\1723331917773.966DSC09961.JPG\", \"https://iqcarsgermany.azureedge.net/img/CarAttachments\\\\1723331928529.2163DSC09955.JPG\"]', ' 5.7', '2725', 'Black', 'عادي', 4, 5, 79.00, 79.00, 57.00, 'RT', 'Clean Title', 'Erbil,Private', 5, 'Leather', 'مستعمل'),
(173, 48, 'DodgeCharger2022', '[\"https://iqcarsgermany.azureedge.net/img/CarAttachments\\\\1723331814185.6028DSC09942.JPG\", \"https://iqcarsgermany.azureedge.net/img/CarAttachments\\\\1723331811060.6887DSC09943.JPG\", \"https://iqcarsgermany.azureedge.net/img/CarAttachments\\\\1723331802775.9998DSC09946.JPG\", \"https://iqcarsgermany.azureedge.net/img/CarAttachments\\\\1723331814185.6028DSC09942.JPG\", \"https://iqcarsgermany.azureedge.net/img/CarAttachments\\\\1723331811060.6887DSC09943.JPG\", \"https://iqcarsgermany.azureedge.net/img/CarAttachments\\\\1723331802775.9998DSC09946.JPG\"]', ' 3.6', '987', 'White', 'عادي', 6, 5, 38.00, 13.00, 28.00, 'GT Plus', 'Clean Title', 'Erbil,Private', 5, 'Mix', 'مستعمل'),
(174, 55, 'ToyotaLand Cruiser2015', '[\"https://iqcarsgermany.azureedge.net/img/CarAttachments\\\\1723324302165.09891000048346_out.jpg\", \"https://iqcarsgermany.azureedge.net/img/CarAttachments\\\\1723324303561.25341000048348_out.jpg\", \"https://iqcarsgermany.azureedge.net/img/CarAttachments\\\\1723324302847.30321000048347_out.jpg\", \"https://iqcarsgermany.azureedge.net/img/CarAttachments\\\\1723324302165.09891000048346_out.jpg\", \"https://iqcarsgermany.azureedge.net/img/CarAttachments\\\\1723324303561.25341000048348_out.jpg\", \"https://iqcarsgermany.azureedge.net/img/CarAttachments\\\\1723324302847.30321000048347_out.jpg\"]', ' 4.0', '2001', 'White', 'اوتوماتيك', 6, 6, 92.00, 99.00, 28.00, 'GX.R', 'No Paint', 'Baghdad,Private', 7, 'Leather', 'مستعمل'),
(175, 1, 'GACGS3 EMZOOM2024', '[\"https://iqcarsgermany.azureedge.net/img/CarAttachments\\\\1696252759453.2004_DSC4849.jpg\", \"https://iqcarsgermany.azureedge.net/img/CarAttachments\\\\1696252782735.51_DSC4857.jpg\", \"https://iqcarsgermany.azureedge.net/img/CarAttachments\\\\1696252829459.7327_DSC4854.jpg\", \"https://iqcarsgermany.azureedge.net/img/CarAttachments\\\\1696252759453.2004_DSC4849.jpg\", \"https://iqcarsgermany.azureedge.net/img/CarAttachments\\\\1696252782735.51_DSC4857.jpg\", \"https://iqcarsgermany.azureedge.net/img/CarAttachments\\\\1696252829459.7327_DSC4854.jpg\"]', ' 1.5T', '1363', 'Blue', 'اوتوماتيك', 4, 5, 14.00, 68.00, 18.00, 'GL', 'No Paint', 'Erbil,Temporary', 5, 'Leather', 'جديد'),
(176, 14, 'BMWX62021', '[\"https://iqcarsgermany.azureedge.net/img/CarAttachments\\\\1723379107930.308IMG-20240811-WA0065.jpg\", \"https://iqcarsgermany.azureedge.net/img/CarAttachments\\\\1723379108350.767IMG-20240811-WA0064.jpg\", \"https://iqcarsgermany.azureedge.net/img/CarAttachments\\\\1723379114276.001IMG-20240811-WA0067.jpg\", \"https://iqcarsgermany.azureedge.net/img/CarAttachments\\\\1723379107930.308IMG-20240811-WA0065.jpg\", \"https://iqcarsgermany.azureedge.net/img/CarAttachments\\\\1723379108350.767IMG-20240811-WA0064.jpg\", \"https://iqcarsgermany.azureedge.net/img/CarAttachments\\\\1723379114276.001IMG-20240811-WA0067.jpg\"]', ' 4.4', '595', 'Maroon', 'عادي', 6, 6, 55.00, 33.00, 81.00, 'M50i', '1 Part', 'Erbil,Private', 5, 'Leather', 'مستعمل'),
(177, 21, 'DodgeCharger2019', '[\"https://iqcarsgermany.azureedge.net/img/CarAttachments\\\\1723331860491.7827DSC09977.JPG\", \"https://iqcarsgermany.azureedge.net/img/CarAttachments\\\\1723331852061.2317DSC09984.JPG\", \"https://iqcarsgermany.azureedge.net/img/CarAttachments\\\\1723331862830.347DSC09976.JPG\", \"https://iqcarsgermany.azureedge.net/img/CarAttachments\\\\1723331860491.7827DSC09977.JPG\", \"https://iqcarsgermany.azureedge.net/img/CarAttachments\\\\1723331852061.2317DSC09984.JPG\", \"https://iqcarsgermany.azureedge.net/img/CarAttachments\\\\1723331862830.347DSC09976.JPG\"]', ' 6.4', '4125', 'Black', 'اوتوماتيك', 5, 6, 26.00, 59.00, 27.00, 'Scat Pack', 'Clean Title', 'Erbil,Private', 5, 'Mix', 'مستعمل'),
(178, 57, 'GACGA82024', '[\"https://iqcarsgermany.azureedge.net/img/CarAttachments\\\\1711562527390.8738_DSC2220.JPG\", \"https://iqcarsgermany.azureedge.net/img/CarAttachments\\\\1711562544510.0007_DSC2217.JPG\", \"https://iqcarsgermany.azureedge.net/img/CarAttachments\\\\1711562547378.381_DSC2223.JPG\", \"https://iqcarsgermany.azureedge.net/img/CarAttachments\\\\1711562527390.8738_DSC2220.JPG\", \"https://iqcarsgermany.azureedge.net/img/CarAttachments\\\\1711562544510.0007_DSC2217.JPG\", \"https://iqcarsgermany.azureedge.net/img/CarAttachments\\\\1711562547378.381_DSC2223.JPG\"]', ' 2.0', '2243', 'White', 'عادي', 5, 4, 39.00, 16.00, 41.00, 'GL', 'No Paint', 'Erbil,Temporary', 5, 'Leather', 'جديد'),
(179, 33, 'NissanSentra2020', '[\"https://iqcarsgermany.azureedge.net/img/CarAttachments\\\\1717954007969.55441717942860624.jpg\", \"https://iqcarsgermany.azureedge.net/img/CarAttachments\\\\1717961179319.2927WhatsAppImage2024-06-09at20.47.11_f4d4149e.jpg\", \"https://iqcarsgermany.azureedge.net/img/CarAttachments\\\\1717954012233.13281717942861546.PNG\", \"https://iqcarsgermany.azureedge.net/img/CarAttachments\\\\1717954007969.55441717942860624.jpg\", \"https://iqcarsgermany.azureedge.net/img/CarAttachments\\\\1717961179319.2927WhatsAppImage2024-06-09at20.47.11_f4d4149e.jpg\", \"https://iqcarsgermany.azureedge.net/img/CarAttachments\\\\1717954012233.13281717942861546.PNG\"]', ' 2.0', '4078', 'Black', 'اوتوماتيك', 4, 4, 59.00, 74.00, 92.00, 'SV', '1 PartSee Photos', 'Erbil,Private', 5, 'Fabric', 'مستعمل'),
(180, 48, 'Chrysler3002022', '[\"https://iqcarsgermany.azureedge.net/img/CarAttachments\\\\1723331827972.0215DSC00014.JPG\", \"https://iqcarsgermany.azureedge.net/img/CarAttachments\\\\1723331823342.6248DSC00015.JPG\", \"https://iqcarsgermany.azureedge.net/img/CarAttachments\\\\1723331811382.7524DSC00017.JPG\", \"https://iqcarsgermany.azureedge.net/img/CarAttachments\\\\1723331827972.0215DSC00014.JPG\", \"https://iqcarsgermany.azureedge.net/img/CarAttachments\\\\1723331823342.6248DSC00015.JPG\", \"https://iqcarsgermany.azureedge.net/img/CarAttachments\\\\1723331811382.7524DSC00017.JPG\"]', ' 3.6', '2527', 'Silver', 'اوتوماتيك', 4, 4, 49.00, 50.00, 91.00, 'S', 'Clean Title', 'Erbil,Private', 5, 'Leather', 'مستعمل'),
(181, 32, 'Mercedes-BenzGLC2022', '[\"https://iqcarsgermany.azureedge.net/img/CarAttachments\\\\1722970168473.8481722966830070.JPG\", \"https://iqcarsgermany.azureedge.net/img/CarAttachments\\\\1722969357261.3171722966830617.JPG\", \"https://iqcarsgermany.azureedge.net/img/CarAttachments\\\\1722969358462.22631722966830720.JPG\", \"https://iqcarsgermany.azureedge.net/img/CarAttachments\\\\1722970168473.8481722966830070.JPG\", \"https://iqcarsgermany.azureedge.net/img/CarAttachments\\\\1722969357261.3171722966830617.JPG\", \"https://iqcarsgermany.azureedge.net/img/CarAttachments\\\\1722969358462.22631722966830720.JPG\"]', ' 2.0', '5638', 'Black', 'عادي', 4, 5, 27.00, 32.00, 71.00, '300', '4 Parts', 'Erbil,Temporary', 5, 'Leather', 'مستعمل'),
(182, 51, 'Ram15002020', '[\"https://iqcarsgermany.azureedge.net/img/CarAttachments\\\\1723292849879.06131723292341127.jpg\", \"https://iqcarsgermany.azureedge.net/img/CarAttachments\\\\1723295403469.43161723292342360.jpg\", \"https://iqcarsgermany.azureedge.net/img/CarAttachments\\\\1723292861164.18041723292404079.JPG\", \"https://iqcarsgermany.azureedge.net/img/CarAttachments\\\\1723292849879.06131723292341127.jpg\", \"https://iqcarsgermany.azureedge.net/img/CarAttachments\\\\1723295403469.43161723292342360.jpg\", \"https://iqcarsgermany.azureedge.net/img/CarAttachments\\\\1723292861164.18041723292404079.JPG\"]', ' 5.7', '4013', 'White', 'عادي', 5, 4, 70.00, 37.00, 56.00, 'Limited', 'Clean Title', 'Sulaymaniyah,Commercial', 5, 'Leather', 'مستعمل'),
(183, 49, 'KiaK82023', '[\"https://iqcarsgermany.azureedge.net/img/CarAttachments\\\\1680688373025.9624DSC00383.jpg\", \"https://iqcarsgermany.azureedge.net/img/CarAttachments\\\\1680688366056.811DSC00382.jpg\", \"https://iqcarsgermany.azureedge.net/img/CarAttachments\\\\1680688441358.5798DSC00397.jpg\", \"https://iqcarsgermany.azureedge.net/img/CarAttachments\\\\1680688373025.9624DSC00383.jpg\", \"https://iqcarsgermany.azureedge.net/img/CarAttachments\\\\1680688366056.811DSC00382.jpg\", \"https://iqcarsgermany.azureedge.net/img/CarAttachments\\\\1680688441358.5798DSC00397.jpg\"]', ' 3.5', '2932', 'Silver', 'اوتوماتيك', 4, 4, 69.00, 78.00, 83.00, 'High Grade', 'No Paint', 'Erbil,Temporary', 5, 'Leather', 'جديد'),
(184, 55, 'ToyotaCamry2023', '[\"https://iqcarsgermany.azureedge.net/img/CarAttachments\\\\1723323703128.2141723322828178.jpg\", \"https://iqcarsgermany.azureedge.net/img/CarAttachments\\\\1723323704603.15231723322828515.jpg\", \"https://iqcarsgermany.azureedge.net/img/CarAttachments\\\\1723323708886.18211723322830523.JPG\", \"https://iqcarsgermany.azureedge.net/img/CarAttachments\\\\1723323703128.2141723322828178.jpg\", \"https://iqcarsgermany.azureedge.net/img/CarAttachments\\\\1723323704603.15231723322828515.jpg\", \"https://iqcarsgermany.azureedge.net/img/CarAttachments\\\\1723323708886.18211723322830523.JPG\"]', ' 2.5', '2403', 'Black', 'اوتوماتيك', 5, 5, 81.00, 56.00, 27.00, 'SE', '2 PartsSee Photos', 'Baghdad,Private', 5, 'Mix', 'مستعمل'),
(185, 2, 'JeepCherokee2018', '[\"https://iqcarsgermany.azureedge.net/img/CarAttachments\\\\1723323677214.40041723322736173.jpg\", \"https://iqcarsgermany.azureedge.net/img/CarAttachments\\\\1723323677854.08641723322736365.jpg\", \"https://iqcarsgermany.azureedge.net/img/CarAttachments\\\\1723323682327.39011723322737487.jpg\", \"https://iqcarsgermany.azureedge.net/img/CarAttachments\\\\1723323677214.40041723322736173.jpg\", \"https://iqcarsgermany.azureedge.net/img/CarAttachments\\\\1723323677854.08641723322736365.jpg\", \"https://iqcarsgermany.azureedge.net/img/CarAttachments\\\\1723323682327.39011723322737487.jpg\"]', ' 2.4', '2999', 'White', 'عادي', 6, 5, 48.00, 58.00, 46.00, 'Latitude', '1 PartSee Photos', 'Baghdad,Private', 5, 'Leather', 'مستعمل'),
(186, 28, 'KiaK82023', '[\"https://iqcarsgermany.azureedge.net/img/CarAttachments\\\\1689855058849.7185DSC09164.JPG\", \"https://iqcarsgermany.azureedge.net/img/CarAttachments\\\\1689855053824.3347DSC09166.JPG\", \"https://iqcarsgermany.azureedge.net/img/CarAttachments\\\\1689855115502.3608DSC09177.JPG\", \"https://iqcarsgermany.azureedge.net/img/CarAttachments\\\\1689855058849.7185DSC09164.JPG\", \"https://iqcarsgermany.azureedge.net/img/CarAttachments\\\\1689855053824.3347DSC09166.JPG\", \"https://iqcarsgermany.azureedge.net/img/CarAttachments\\\\1689855115502.3608DSC09177.JPG\"]', ' 3.5', '2106', 'White', 'اوتوماتيك', 5, 4, 47.00, 88.00, 19.00, 'High Grade', 'No Paint', 'Erbil,Temporary', 5, 'Leather', 'جديد'),
(187, 29, 'KiaSorento2022', '[\"https://iqcarsgermany.azureedge.net/img/CarAttachments\\\\1723322630784.25121723322214548.JPG\", \"https://iqcarsgermany.azureedge.net/img/CarAttachments\\\\1723322633371.04321723322214746.JPG\", \"https://iqcarsgermany.azureedge.net/img/CarAttachments\\\\1723322635024.17161723322214886.JPG\", \"https://iqcarsgermany.azureedge.net/img/CarAttachments\\\\1723322630784.25121723322214548.JPG\", \"https://iqcarsgermany.azureedge.net/img/CarAttachments\\\\1723322633371.04321723322214746.JPG\", \"https://iqcarsgermany.azureedge.net/img/CarAttachments\\\\1723322635024.17161723322214886.JPG\"]', ' 2.5', '1315', 'Gray', 'عادي', 4, 4, 94.00, 41.00, 93.00, 'EX', '1 PartSee Photos', 'Baghdad,Private', 6, 'Leather', 'مستعمل'),
(188, 56, 'ChevroletTahoe2023', '[\"https://iqcarsgermany.azureedge.net/img/CarAttachments\\\\1723322050807.3371723321407770.JPG\", \"https://iqcarsgermany.azureedge.net/img/CarAttachments\\\\1723322064811.03371723321407886.JPG\", \"https://iqcarsgermany.azureedge.net/img/CarAttachments\\\\1723321971775.71171723321408048.JPG\", \"https://iqcarsgermany.azureedge.net/img/CarAttachments\\\\1723322050807.3371723321407770.JPG\", \"https://iqcarsgermany.azureedge.net/img/CarAttachments\\\\1723322064811.03371723321407886.JPG\", \"https://iqcarsgermany.azureedge.net/img/CarAttachments\\\\1723321971775.71171723321408048.JPG\"]', ' 5.3', '5498', 'Black', 'عادي', 4, 5, 63.00, 28.00, 31.00, 'RST', '1 Part', 'Erbil,Temporary', 7, 'Leather', 'مستعمل');
INSERT INTO `car` (`id`, `branch_id`, `title`, `images`, `engine`, `mileage`, `color`, `transmission`, `doors`, `seats`, `price_per_day`, `price_per_hour`, `price_per_month`, `trim`, `paint_parts`, `plate`, `seat_number`, `seat_material`, `condition`) VALUES
(189, 26, 'JaguarXE2020', '[\"https://iqcarsgermany.azureedge.net/img/CarAttachments\\\\1690125070560.39231690124761831.jpg\", \"https://iqcarsgermany.azureedge.net/img/CarAttachments\\\\1690125072219.45871690124762392.jpg\", \"https://iqcarsgermany.azureedge.net/img/CarAttachments\\\\1690125073694.84131690124762751.jpg\", \"https://iqcarsgermany.azureedge.net/img/CarAttachments\\\\1690125070560.39231690124761831.jpg\", \"https://iqcarsgermany.azureedge.net/img/CarAttachments\\\\1690125072219.45871690124762392.jpg\", \"https://iqcarsgermany.azureedge.net/img/CarAttachments\\\\1690125073694.84131690124762751.jpg\"]', ' 2.0', '1488', 'White', 'عادي', 6, 5, 60.00, 18.00, 80.00, NULL, 'Clean Title', 'Erbil,Private', 5, 'Leather', 'مستعمل'),
(190, 41, 'ToyotaLand Cruiser2015', '[\"https://iqcarsgermany.azureedge.net/img/CarAttachments\\\\1723321945410.60721000023174_out.jpg\", \"https://iqcarsgermany.azureedge.net/img/CarAttachments\\\\1723321947285.3131000023176_out.jpg\", \"https://iqcarsgermany.azureedge.net/img/CarAttachments\\\\1723321946665.9211000023175_out.jpg\", \"https://iqcarsgermany.azureedge.net/img/CarAttachments\\\\1723321945410.60721000023174_out.jpg\", \"https://iqcarsgermany.azureedge.net/img/CarAttachments\\\\1723321947285.3131000023176_out.jpg\", \"https://iqcarsgermany.azureedge.net/img/CarAttachments\\\\1723321946665.9211000023175_out.jpg\"]', ' 4.0', '1643', 'White', 'عادي', 5, 4, 66.00, 83.00, 26.00, 'GX.R', 'Clean Title', 'Erbil,Private', 7, 'Leather', 'مستعمل'),
(191, 54, 'ToyotaCorolla2023', '[\"https://iqcarsgermany.azureedge.net/img/CarAttachments\\\\1723321910229.15651723319538295.JPG\", \"https://iqcarsgermany.azureedge.net/img/CarAttachments\\\\1723320877643.9261723319538406.JPG\", \"https://iqcarsgermany.azureedge.net/img/CarAttachments\\\\1723320878237.531723319538482.JPG\", \"https://iqcarsgermany.azureedge.net/img/CarAttachments\\\\1723321910229.15651723319538295.JPG\", \"https://iqcarsgermany.azureedge.net/img/CarAttachments\\\\1723320877643.9261723319538406.JPG\", \"https://iqcarsgermany.azureedge.net/img/CarAttachments\\\\1723320878237.531723319538482.JPG\"]', ' 1.8', '3531', 'White', 'اوتوماتيك', 6, 6, 52.00, 84.00, 74.00, 'GLI High Grade', 'Clean Title', 'Baghdad,Private', 5, 'Leather', 'مستعمل'),
(192, 46, 'BMW7-Series2023', '[\"https://iqcarsgermany.azureedge.net/img/CarAttachments\\\\1723323459368.87841723323448567.jpg\", \"https://iqcarsgermany.azureedge.net/img/CarAttachments\\\\1723323462711.43241723323448946.jpg\", \"https://iqcarsgermany.azureedge.net/img/CarAttachments\\\\1723323467562.80471723323454327.jpg\", \"https://iqcarsgermany.azureedge.net/img/CarAttachments\\\\1723323459368.87841723323448567.jpg\", \"https://iqcarsgermany.azureedge.net/img/CarAttachments\\\\1723323462711.43241723323448946.jpg\", \"https://iqcarsgermany.azureedge.net/img/CarAttachments\\\\1723323467562.80471723323454327.jpg\"]', ' 3.0', '1590', 'Maroon', 'اوتوماتيك', 5, 5, 17.00, 33.00, 15.00, '740', 'No Paint', 'Erbil,Private', 5, 'Leather', 'مستعمل'),
(193, 53, 'HavalH62022', '[\"https://iqcarsgermany.azureedge.net/img/CarAttachments\\\\1723320039880.3081723319492656.jpg\", \"https://iqcarsgermany.azureedge.net/img/CarAttachments\\\\1723320037568.99021723319492138.jpg\", \"https://iqcarsgermany.azureedge.net/img/CarAttachments\\\\1723320040564.47851723319492764.jpg\", \"https://iqcarsgermany.azureedge.net/img/CarAttachments\\\\1723320039880.3081723319492656.jpg\", \"https://iqcarsgermany.azureedge.net/img/CarAttachments\\\\1723320037568.99021723319492138.jpg\", \"https://iqcarsgermany.azureedge.net/img/CarAttachments\\\\1723320040564.47851723319492764.jpg\"]', ' 2.0T', '2596', 'Black', 'عادي', 4, 5, 59.00, 58.00, 15.00, 'LUX', '2 PartsSee Photos', 'Baghdad,Private', 5, 'Leather', 'مستعمل'),
(194, 39, 'DodgeCharger2022', '[\"https://iqcarsgermany.azureedge.net/img/CarAttachments\\\\1723320691805.1041723318896994.jpg\", \"https://iqcarsgermany.azureedge.net/img/CarAttachments\\\\1723319517137.4411723318897876.jpg\", \"https://iqcarsgermany.azureedge.net/img/CarAttachments\\\\1723319523565.5581723318899466.jpg\", \"https://iqcarsgermany.azureedge.net/img/CarAttachments\\\\1723320691805.1041723318896994.jpg\", \"https://iqcarsgermany.azureedge.net/img/CarAttachments\\\\1723319517137.4411723318897876.jpg\", \"https://iqcarsgermany.azureedge.net/img/CarAttachments\\\\1723319523565.5581723318899466.jpg\"]', ' 6.4', '2533', 'Black', 'اوتوماتيك', 6, 5, 69.00, 22.00, 75.00, 'Scat Pack', '1 Part', 'Baghdad,Temporary', 5, 'Mix', 'مستعمل'),
(195, 22, 'Mercedes-BenzC-Class2020', '[\"https://iqcarsgermany.azureedge.net/img/CarAttachments\\\\1723318508169.31321723318348056.jpg\", \"https://iqcarsgermany.azureedge.net/img/CarAttachments\\\\1723318359764.9431723318349086.jpg\", \"https://iqcarsgermany.azureedge.net/img/CarAttachments\\\\1723318359073.50321723318348931.jpg\", \"https://iqcarsgermany.azureedge.net/img/CarAttachments\\\\1723318508169.31321723318348056.jpg\", \"https://iqcarsgermany.azureedge.net/img/CarAttachments\\\\1723318359764.9431723318349086.jpg\", \"https://iqcarsgermany.azureedge.net/img/CarAttachments\\\\1723318359073.50321723318348931.jpg\"]', ' 2.0', '4657', 'Black', 'عادي', 4, 6, 27.00, 80.00, 39.00, 'C300', 'Clean Title', 'Erbil,Private', 5, 'Leather', 'مستعمل'),
(196, 45, 'HyundaiSonata2009', '[\"https://iqcarsgermany.azureedge.net/img/CarAttachments\\\\1723319015022.1471000114423_out.jpg\", \"https://iqcarsgermany.azureedge.net/img/CarAttachments\\\\1723318544838.26171000114420_out.jpg\", \"https://iqcarsgermany.azureedge.net/img/CarAttachments\\\\1723318545935.97491000114425_out.jpg\", \"https://iqcarsgermany.azureedge.net/img/CarAttachments\\\\1723319015022.1471000114423_out.jpg\", \"https://iqcarsgermany.azureedge.net/img/CarAttachments\\\\1723318544838.26171000114420_out.jpg\", \"https://iqcarsgermany.azureedge.net/img/CarAttachments\\\\1723318545935.97491000114425_out.jpg\"]', ' 2.4', '4548', 'Maroon', 'اوتوماتيك', 5, 5, 36.00, 54.00, 62.00, NULL, 'All Paint', 'Baghdad,Private', 5, 'Fabric', 'مستعمل'),
(197, 12, 'KiaRio2022', '[\"https://iqcarsgermany.azureedge.net/img/CarAttachments\\\\1723318906796.62551000096599_out.jpg\", \"https://iqcarsgermany.azureedge.net/img/CarAttachments\\\\1723318381048.51881000096596_out.jpg\", \"https://iqcarsgermany.azureedge.net/img/CarAttachments\\\\1723318381642.40361000096606_out.jpg\", \"https://iqcarsgermany.azureedge.net/img/CarAttachments\\\\1723318906796.62551000096599_out.jpg\", \"https://iqcarsgermany.azureedge.net/img/CarAttachments\\\\1723318381048.51881000096596_out.jpg\", \"https://iqcarsgermany.azureedge.net/img/CarAttachments\\\\1723318381642.40361000096606_out.jpg\"]', ' 1.6', '3092', 'Black', 'اوتوماتيك', 5, 4, 50.00, 53.00, 16.00, 'S', '2 Parts', 'Duhok,Private', 5, 'Fabric', 'مستعمل'),
(198, 17, 'Land RoverDefender2023', '[\"https://iqcarsgermany.azureedge.net/img/CarAttachments\\\\1723315507370.76761723315481744.JPG\", \"https://iqcarsgermany.azureedge.net/img/CarAttachments\\\\1723315519715.30271723315481994.JPG\", \"https://iqcarsgermany.azureedge.net/img/CarAttachments\\\\1723315520367.02861723315482009.JPG\", \"https://iqcarsgermany.azureedge.net/img/CarAttachments\\\\1723315507370.76761723315481744.JPG\", \"https://iqcarsgermany.azureedge.net/img/CarAttachments\\\\1723315519715.30271723315481994.JPG\", \"https://iqcarsgermany.azureedge.net/img/CarAttachments\\\\1723315520367.02861723315482009.JPG\"]', ' 3.0T', '1594', 'Black', 'عادي', 5, 6, 91.00, 37.00, 84.00, 'X-Dynamic', 'Clean Title', 'Duhok,Private', 5, 'Leather', 'مستعمل'),
(199, 21, 'KiaOptima2018', '[\"https://iqcarsgermany.azureedge.net/img/CarAttachments\\\\1723318224896.4497WhatsAppImage2024-08-10at22.26.57_3eb16453.jpg\", \"https://iqcarsgermany.azureedge.net/img/CarAttachments\\\\1723318225256.581WhatsAppImage2024-08-10at22.26.50_cdbc0b0c.jpg\", \"https://iqcarsgermany.azureedge.net/img/CarAttachments\\\\1723311707844.83151000000534_out.jpg\", \"https://iqcarsgermany.azureedge.net/img/CarAttachments\\\\1723318224896.4497WhatsAppImage2024-08-10at22.26.57_3eb16453.jpg\", \"https://iqcarsgermany.azureedge.net/img/CarAttachments\\\\1723318225256.581WhatsAppImage2024-08-10at22.26.50_cdbc0b0c.jpg\", \"https://iqcarsgermany.azureedge.net/img/CarAttachments\\\\1723311707844.83151000000534_out.jpg\"]', ' 2.0', '3933', 'White', 'اوتوماتيك', 6, 6, 30.00, 69.00, 65.00, 'EX', 'No Paint', 'Baghdad,Private', 5, 'Fabric', 'مستعمل'),
(200, 49, 'HyundaiAccent2018', '[\"https://iqcarsgermany.azureedge.net/img/CarAttachments\\\\1723317319609.37961000025088_out.jpg\", \"https://iqcarsgermany.azureedge.net/img/CarAttachments\\\\1723316331061.53831000025087_out.jpg\", \"https://iqcarsgermany.azureedge.net/img/CarAttachments\\\\1723316330418.73631000025090_out.jpg\", \"https://iqcarsgermany.azureedge.net/img/CarAttachments\\\\1723317319609.37961000025088_out.jpg\", \"https://iqcarsgermany.azureedge.net/img/CarAttachments\\\\1723316331061.53831000025087_out.jpg\", \"https://iqcarsgermany.azureedge.net/img/CarAttachments\\\\1723316330418.73631000025090_out.jpg\"]', ' 1.6', '3745', 'White', 'اوتوماتيك', 6, 5, 17.00, 62.00, 70.00, NULL, 'No Paint', 'Baghdad,Private', 5, 'Leather', 'مستعمل'),
(201, 6, 'FordFiesta2018', '[\"https://iqcarsgermany.azureedge.net/img/CarAttachments\\\\1723316304594.84471000075486_out.jpg\", \"https://iqcarsgermany.azureedge.net/img/CarAttachments\\\\1723316307055.83961000075487_out.jpg\", \"https://iqcarsgermany.azureedge.net/img/CarAttachments\\\\1723316306332.46041000075485_out.jpg\", \"https://iqcarsgermany.azureedge.net/img/CarAttachments\\\\1723316304594.84471000075486_out.jpg\", \"https://iqcarsgermany.azureedge.net/img/CarAttachments\\\\1723316307055.83961000075487_out.jpg\", \"https://iqcarsgermany.azureedge.net/img/CarAttachments\\\\1723316306332.46041000075485_out.jpg\"]', ' 1.6', '1247', 'Black', 'عادي', 6, 5, 64.00, 12.00, 37.00, 'SE', '3 Parts', 'Anbar,Private', 5, 'Fabric', 'مستعمل'),
(202, 34, 'ToyotaLand Cruiser Prado2023', '[\"https://iqcarsgermany.azureedge.net/img/CarAttachments\\\\1723316925906.2661000187599_out.jpg\", \"https://iqcarsgermany.azureedge.net/img/CarAttachments\\\\1723315146095.231000187597_out.jpg\", \"https://iqcarsgermany.azureedge.net/img/CarAttachments\\\\1723315147921.02251000187594_out.jpg\", \"https://iqcarsgermany.azureedge.net/img/CarAttachments\\\\1723316925906.2661000187599_out.jpg\", \"https://iqcarsgermany.azureedge.net/img/CarAttachments\\\\1723315146095.231000187597_out.jpg\", \"https://iqcarsgermany.azureedge.net/img/CarAttachments\\\\1723315147921.02251000187594_out.jpg\"]', ' 4.0', '241', 'White', 'عادي', 6, 5, 48.00, 30.00, 86.00, 'TXS', 'Clean Title', 'Sulaymaniyah,Private', 7, 'Leather', 'مستعمل'),
(203, 3, 'GenesisGV802022', '[\"https://iqcarsgermany.azureedge.net/img/CarAttachments\\\\1723316338979.87671723314140618.jpg\", \"https://iqcarsgermany.azureedge.net/img/CarAttachments\\\\1723316663686.7915Cropped_1723314141242.jpg\", \"https://iqcarsgermany.azureedge.net/img/CarAttachments\\\\1723315112596.55761723314143028.jpg\", \"https://iqcarsgermany.azureedge.net/img/CarAttachments\\\\1723316338979.87671723314140618.jpg\", \"https://iqcarsgermany.azureedge.net/img/CarAttachments\\\\1723316663686.7915Cropped_1723314141242.jpg\", \"https://iqcarsgermany.azureedge.net/img/CarAttachments\\\\1723315112596.55761723314143028.jpg\"]', ' 2.5T', '2705', 'Dark Blue', 'عادي', 4, 6, 61.00, 37.00, 81.00, NULL, '4 PartsSee Photos', 'Sulaymaniyah,Temporary', 5, 'Leather', 'مستعمل'),
(204, 32, 'VolkswagenAtlas2021', '[\"https://iqcarsgermany.azureedge.net/img/CarAttachments\\\\1714398808391.1643OutputFile_1714398787858_out.jpeg\", \"https://iqcarsgermany.azureedge.net/img/CarAttachments\\\\1714398811404.8823OutputFile_1714398787945_out.jpeg\", \"https://iqcarsgermany.azureedge.net/img/CarAttachments\\\\1714398819996.275OutputFile_1714398788133_out.jpeg\", \"https://iqcarsgermany.azureedge.net/img/CarAttachments\\\\1714398808391.1643OutputFile_1714398787858_out.jpeg\", \"https://iqcarsgermany.azureedge.net/img/CarAttachments\\\\1714398811404.8823OutputFile_1714398787945_out.jpeg\", \"https://iqcarsgermany.azureedge.net/img/CarAttachments\\\\1714398819996.275OutputFile_1714398788133_out.jpeg\"]', ' 3.6', '1661', 'Black', 'عادي', 6, 6, 17.00, 14.00, 96.00, 'SE', '1 Part', 'Erbil,Private', 7, 'Leather', 'مستعمل'),
(205, 51, 'ToyotaCorolla2024', '[\"https://iqcarsgermany.azureedge.net/img/CarAttachments\\\\1723313977520.52081723313921588.jpg\", \"https://iqcarsgermany.azureedge.net/img/CarAttachments\\\\1723313978219.94431723313925830.jpg\", \"https://iqcarsgermany.azureedge.net/img/CarAttachments\\\\1723313991084.91871723313944819.jpg\", \"https://iqcarsgermany.azureedge.net/img/CarAttachments\\\\1723313977520.52081723313921588.jpg\", \"https://iqcarsgermany.azureedge.net/img/CarAttachments\\\\1723313978219.94431723313925830.jpg\", \"https://iqcarsgermany.azureedge.net/img/CarAttachments\\\\1723313991084.91871723313944819.jpg\"]', ' 1.8', '5432', 'White', 'عادي', 6, 6, 69.00, 50.00, 31.00, 'GLI', 'No Paint', 'Erbil,Private', 5, 'Fabric', 'مستعمل'),
(206, 55, 'KiaSportage2023', '[\"https://iqcarsgermany.azureedge.net/img/CarAttachments\\\\1723311316069.3533OutputFile_1723311281015_out.jpeg\", \"https://iqcarsgermany.azureedge.net/img/CarAttachments\\\\1723311320953.7817OutputFile_1723311281139_out.jpeg\", \"https://iqcarsgermany.azureedge.net/img/CarAttachments\\\\1723311339730.2627OutputFile_1723311281164_out.jpeg\", \"https://iqcarsgermany.azureedge.net/img/CarAttachments\\\\1723311316069.3533OutputFile_1723311281015_out.jpeg\", \"https://iqcarsgermany.azureedge.net/img/CarAttachments\\\\1723311320953.7817OutputFile_1723311281139_out.jpeg\", \"https://iqcarsgermany.azureedge.net/img/CarAttachments\\\\1723311339730.2627OutputFile_1723311281164_out.jpeg\"]', ' 2.0', '5579', 'White', 'اوتوماتيك', 5, 6, 87.00, 62.00, 41.00, NULL, '1 Part', 'Erbil,Private', 5, 'Leather', 'مستعمل'),
(207, 12, 'BMWX62022', '[\"https://iqcarsgermany.azureedge.net/img/CarAttachments\\\\1723313905528.47WhatsAppImage2024-08-10at21.08.49_41388ca9.jpg\", \"https://iqcarsgermany.azureedge.net/img/CarAttachments\\\\1723313905072.7856WhatsAppImage2024-08-10at21.09.27_84e20a65.jpg\", \"https://iqcarsgermany.azureedge.net/img/CarAttachments\\\\1723306087211.868image_picker_1BFDB6EB-A39B-4D48-AFCD-DB9AA4BDEF5C-74015-000031FBCF6261F1.jpg\", \"https://iqcarsgermany.azureedge.net/img/CarAttachments\\\\1723313905528.47WhatsAppImage2024-08-10at21.08.49_41388ca9.jpg\", \"https://iqcarsgermany.azureedge.net/img/CarAttachments\\\\1723313905072.7856WhatsAppImage2024-08-10at21.09.27_84e20a65.jpg\", \"https://iqcarsgermany.azureedge.net/img/CarAttachments\\\\1723306087211.868image_picker_1BFDB6EB-A39B-4D48-AFCD-DB9AA4BDEF5C-74015-000031FBCF6261F1.jpg\"]', ' 3.0', '461', 'Green', 'عادي', 6, 6, 98.00, 88.00, 48.00, '40i', '1 Part', 'Erbil,Private', 5, 'Leather', 'مستعمل'),
(208, 57, 'KiaSorento2014', '[\"https://iqcarsgermany.azureedge.net/img/CarAttachments\\\\1723313093865.98441723312494401.JPG\", \"https://iqcarsgermany.azureedge.net/img/CarAttachments\\\\1723313094179.83861723312494444.JPG\", \"https://iqcarsgermany.azureedge.net/img/CarAttachments\\\\1723313096244.15481723312494525.JPG\", \"https://iqcarsgermany.azureedge.net/img/CarAttachments\\\\1723313093865.98441723312494401.JPG\", \"https://iqcarsgermany.azureedge.net/img/CarAttachments\\\\1723313094179.83861723312494444.JPG\", \"https://iqcarsgermany.azureedge.net/img/CarAttachments\\\\1723313096244.15481723312494525.JPG\"]', ' 2.4', '1726', 'White', 'عادي', 5, 6, 57.00, 40.00, 18.00, NULL, 'Clean Title', 'Erbil,Private', 7, 'Leather', 'مستعمل'),
(209, 18, 'VolkswagenPassat2018', '[\"https://iqcarsgermany.azureedge.net/img/CarAttachments\\\\1723314243725.70921723313080470.JPG\", \"https://iqcarsgermany.azureedge.net/img/CarAttachments\\\\1723313091776.11521723313080520.JPG\", \"https://iqcarsgermany.azureedge.net/img/CarAttachments\\\\1723313093633.461723313080610.JPG\", \"https://iqcarsgermany.azureedge.net/img/CarAttachments\\\\1723314243725.70921723313080470.JPG\", \"https://iqcarsgermany.azureedge.net/img/CarAttachments\\\\1723313091776.11521723313080520.JPG\", \"https://iqcarsgermany.azureedge.net/img/CarAttachments\\\\1723313093633.461723313080610.JPG\"]', ' 2.0', '1569', 'White', 'عادي', 5, 6, 52.00, 18.00, 15.00, 'R-line', 'Clean Title', 'Duhok,Private', 5, 'Leather', 'مستعمل'),
(210, 24, 'ToyotaCamry2023', '[\"https://iqcarsgermany.azureedge.net/img/CarAttachments\\\\1723314203788.73931723311525966.jpg\", \"https://iqcarsgermany.azureedge.net/img/CarAttachments\\\\1723313688197.76831723311635148.jpg\", \"https://iqcarsgermany.azureedge.net/img/CarAttachments\\\\1723313688866.5911723311635273.jpg\", \"https://iqcarsgermany.azureedge.net/img/CarAttachments\\\\1723314203788.73931723311525966.jpg\", \"https://iqcarsgermany.azureedge.net/img/CarAttachments\\\\1723313688197.76831723311635148.jpg\", \"https://iqcarsgermany.azureedge.net/img/CarAttachments\\\\1723313688866.5911723311635273.jpg\"]', ' 2.5', '2446', 'Black', 'عادي', 5, 6, 11.00, 89.00, 42.00, 'SE', '1 PartSee Photos', 'Erbil,Private', 5, 'Mix', 'مستعمل'),
(211, 2, 'HyundaiSonata2020', '[\"https://iqcarsgermany.azureedge.net/img/CarAttachments\\\\1723312761257.8503OutputFile_1723312747375_out.jpeg\", \"https://iqcarsgermany.azureedge.net/img/CarAttachments\\\\1723312764472.0183OutputFile_1723312747491_out.jpeg\", \"https://iqcarsgermany.azureedge.net/img/CarAttachments\\\\1723312769628.386OutputFile_1723312747584_out.jpeg\", \"https://iqcarsgermany.azureedge.net/img/CarAttachments\\\\1723312761257.8503OutputFile_1723312747375_out.jpeg\", \"https://iqcarsgermany.azureedge.net/img/CarAttachments\\\\1723312764472.0183OutputFile_1723312747491_out.jpeg\", \"https://iqcarsgermany.azureedge.net/img/CarAttachments\\\\1723312769628.386OutputFile_1723312747584_out.jpeg\"]', ' 2.5', '1843', 'Red', 'عادي', 4, 5, 25.00, 79.00, 42.00, NULL, 'No Paint', 'Baghdad,Private', 5, 'Fabric', 'مستعمل'),
(212, 25, 'KiaSorento2015', '[\"https://iqcarsgermany.azureedge.net/img/CarAttachments\\\\1723312666769.66651723312309851.JPG\", \"https://iqcarsgermany.azureedge.net/img/CarAttachments\\\\1723312670741.4261723312310098.JPG\", \"https://iqcarsgermany.azureedge.net/img/CarAttachments\\\\1723312674427.0431723312310540.jpg\", \"https://iqcarsgermany.azureedge.net/img/CarAttachments\\\\1723312666769.66651723312309851.JPG\", \"https://iqcarsgermany.azureedge.net/img/CarAttachments\\\\1723312670741.4261723312310098.JPG\", \"https://iqcarsgermany.azureedge.net/img/CarAttachments\\\\1723312674427.0431723312310540.jpg\"]', ' 2.4', '1660', 'White', 'اوتوماتيك', 6, 5, 51.00, 32.00, 85.00, NULL, 'No Paint', 'Sulaymaniyah,Private', 7, 'Leather', 'مستعمل'),
(213, 43, 'Mazda32022', '[\"https://iqcarsgermany.azureedge.net/img/CarAttachments\\\\1723312646997.9581723312207131.jpg\", \"https://iqcarsgermany.azureedge.net/img/CarAttachments\\\\1723312649690.43241723312208122.jpg\", \"https://iqcarsgermany.azureedge.net/img/CarAttachments\\\\1723312651079.56521723312208998.jpg\", \"https://iqcarsgermany.azureedge.net/img/CarAttachments\\\\1723312646997.9581723312207131.jpg\", \"https://iqcarsgermany.azureedge.net/img/CarAttachments\\\\1723312649690.43241723312208122.jpg\", \"https://iqcarsgermany.azureedge.net/img/CarAttachments\\\\1723312651079.56521723312208998.jpg\"]', ' 2.5', '2553', 'Gray', 'عادي', 6, 5, 49.00, 71.00, 18.00, NULL, '2 PartsSee Photos', 'Erbil,Private', 5, 'Leather', 'مستعمل'),
(214, 19, 'ToyotaHighlander2024', '[\"https://iqcarsgermany.azureedge.net/img/CarAttachments\\\\1723310432911.7805OutputFile_1723310408499_out.jpeg\", \"https://iqcarsgermany.azureedge.net/img/CarAttachments\\\\1723310436784.0044OutputFile_1723310408587_out.jpeg\", \"https://iqcarsgermany.azureedge.net/img/CarAttachments\\\\1723310459866.5713OutputFile_1723310408814_out.jpeg\", \"https://iqcarsgermany.azureedge.net/img/CarAttachments\\\\1723310432911.7805OutputFile_1723310408499_out.jpeg\", \"https://iqcarsgermany.azureedge.net/img/CarAttachments\\\\1723310436784.0044OutputFile_1723310408587_out.jpeg\", \"https://iqcarsgermany.azureedge.net/img/CarAttachments\\\\1723310459866.5713OutputFile_1723310408814_out.jpeg\"]', ' 2.5', '2104', 'White', 'اوتوماتيك', 4, 4, 47.00, 83.00, 82.00, 'Limited', 'No Paint', 'Baghdad,Private', 7, 'Leather', 'جديد'),
(215, 55, 'JeepCherokee2018', '[\"https://iqcarsgermany.azureedge.net/img/CarAttachments\\\\1723314052292.73731000029720_out.jpg\", \"https://iqcarsgermany.azureedge.net/img/CarAttachments\\\\1723314065726.47921000029699_out.jpg\", \"https://iqcarsgermany.azureedge.net/img/CarAttachments\\\\1723318119392.9167IMG-20240810-WA0049.jpg\", \"https://iqcarsgermany.azureedge.net/img/CarAttachments\\\\1723314052292.73731000029720_out.jpg\", \"https://iqcarsgermany.azureedge.net/img/CarAttachments\\\\1723314065726.47921000029699_out.jpg\", \"https://iqcarsgermany.azureedge.net/img/CarAttachments\\\\1723318119392.9167IMG-20240810-WA0049.jpg\"]', ' 2.4', '2641', 'Black', 'اوتوماتيك', 5, 5, 63.00, 59.00, 96.00, 'Latitude', '1 Part', 'Sulaymaniyah,Private', 5, 'Fabric', 'مستعمل'),
(216, 24, 'JeepGrand Cherokee2021', '[\"https://iqcarsgermany.azureedge.net/img/CarAttachments\\\\1723312270687.7764OutputFile_1723312241269_out.jpeg\", \"https://iqcarsgermany.azureedge.net/img/CarAttachments\\\\1723312272872.6155OutputFile_1723312241375_out.jpeg\", \"https://iqcarsgermany.azureedge.net/img/CarAttachments\\\\1723312279229.5417OutputFile_1723312241404_out.jpeg\", \"https://iqcarsgermany.azureedge.net/img/CarAttachments\\\\1723312270687.7764OutputFile_1723312241269_out.jpeg\", \"https://iqcarsgermany.azureedge.net/img/CarAttachments\\\\1723312272872.6155OutputFile_1723312241375_out.jpeg\", \"https://iqcarsgermany.azureedge.net/img/CarAttachments\\\\1723312279229.5417OutputFile_1723312241404_out.jpeg\"]', ' 3.6', '1213', 'Gray', 'اوتوماتيك', 5, 4, 22.00, 86.00, 83.00, NULL, '3 Parts', 'Baghdad,Private', 5, 'Leather', 'مستعمل'),
(217, 5, 'BMW3-Series2023', '[\"https://iqcarsgermany.azureedge.net/img/CarAttachments\\\\1723312158348.75541723312147065.jpg\", \"https://iqcarsgermany.azureedge.net/img/CarAttachments\\\\1723312160531.3291723312147532.jpg\", \"https://iqcarsgermany.azureedge.net/img/CarAttachments\\\\1723312169394.191723312150007.jpg\", \"https://iqcarsgermany.azureedge.net/img/CarAttachments\\\\1723312158348.75541723312147065.jpg\", \"https://iqcarsgermany.azureedge.net/img/CarAttachments\\\\1723312160531.3291723312147532.jpg\", \"https://iqcarsgermany.azureedge.net/img/CarAttachments\\\\1723312169394.191723312150007.jpg\"]', ' 2.0', '3385', 'Black', 'اوتوماتيك', 6, 6, 59.00, 34.00, 75.00, '320i', '1 Part', 'Erbil,Temporary', 5, 'Leather', 'مستعمل'),
(218, 12, 'DodgeCharger2021', '[\"https://iqcarsgermany.azureedge.net/img/CarAttachments\\\\1723313900538.4951723310915181.jpg\", \"https://iqcarsgermany.azureedge.net/img/CarAttachments\\\\1723313913956.23441723310915374.jpg\", \"https://iqcarsgermany.azureedge.net/img/CarAttachments\\\\1723357389472.7239IMG-20240810-WA0064.jpg\", \"https://iqcarsgermany.azureedge.net/img/CarAttachments\\\\1723313900538.4951723310915181.jpg\", \"https://iqcarsgermany.azureedge.net/img/CarAttachments\\\\1723313913956.23441723310915374.jpg\", \"https://iqcarsgermany.azureedge.net/img/CarAttachments\\\\1723357389472.7239IMG-20240810-WA0064.jpg\"]', ' 6.4', '2146', 'Black', 'اوتوماتيك', 4, 4, 84.00, 93.00, 25.00, 'Scat Pack', '1 Part', 'Erbil,Private', 5, 'Mix', 'مستعمل'),
(219, 36, 'NissanSunny2024', '[\"https://iqcarsgermany.azureedge.net/img/CarAttachments\\\\1723311884592.8513OutputFile_1723311871624_out.jpeg\", \"https://iqcarsgermany.azureedge.net/img/CarAttachments\\\\1723311882641.1396OutputFile_1723311871771_out.jpeg\", \"https://iqcarsgermany.azureedge.net/img/CarAttachments\\\\1723311886791.9487OutputFile_1723311871712_out.jpeg\", \"https://iqcarsgermany.azureedge.net/img/CarAttachments\\\\1723311884592.8513OutputFile_1723311871624_out.jpeg\", \"https://iqcarsgermany.azureedge.net/img/CarAttachments\\\\1723311882641.1396OutputFile_1723311871771_out.jpeg\", \"https://iqcarsgermany.azureedge.net/img/CarAttachments\\\\1723311886791.9487OutputFile_1723311871712_out.jpeg\"]', ' 1.5', '355', 'White', 'اوتوماتيك', 5, 5, 15.00, 82.00, 84.00, NULL, 'No Paint', 'Baghdad,Private', 5, 'Fabric', 'مستعمل'),
(220, 56, 'KiaPicanto2023', '[\"https://iqcarsgermany.azureedge.net/img/CarAttachments\\\\1723311814399.6594OutputFile_1723311802063_out.jpeg\", \"https://iqcarsgermany.azureedge.net/img/CarAttachments\\\\1723311812544.8672OutputFile_1723311802191_out.jpeg\", \"https://iqcarsgermany.azureedge.net/img/CarAttachments\\\\1723311816166.5325OutputFile_1723311802165_out.jpeg\", \"https://iqcarsgermany.azureedge.net/img/CarAttachments\\\\1723311814399.6594OutputFile_1723311802063_out.jpeg\", \"https://iqcarsgermany.azureedge.net/img/CarAttachments\\\\1723311812544.8672OutputFile_1723311802191_out.jpeg\", \"https://iqcarsgermany.azureedge.net/img/CarAttachments\\\\1723311816166.5325OutputFile_1723311802165_out.jpeg\"]', ' 1.6', '578', 'Gray', 'اوتوماتيك', 4, 5, 75.00, 26.00, 73.00, NULL, NULL, 'Baghdad,Private', 5, 'Mix', 'مستعمل'),
(221, 20, 'ToyotaCorolla2008', '[\"https://iqcarsgermany.azureedge.net/img/CarAttachments\\\\1723311840038.42531723311466943.jpg\", \"https://iqcarsgermany.azureedge.net/img/CarAttachments\\\\1723311735804.97311723311467069.jpg\", \"https://iqcarsgermany.azureedge.net/img/CarAttachments\\\\1723311734458.48071723311466822.jpg\", \"https://iqcarsgermany.azureedge.net/img/CarAttachments\\\\1723311840038.42531723311466943.jpg\", \"https://iqcarsgermany.azureedge.net/img/CarAttachments\\\\1723311735804.97311723311467069.jpg\", \"https://iqcarsgermany.azureedge.net/img/CarAttachments\\\\1723311734458.48071723311466822.jpg\"]', ' 1.8', '1606', 'White', 'اوتوماتيك', 5, 4, 99.00, 86.00, 35.00, NULL, 'All Paint', 'Baghdad,Private', 5, 'Fabric', 'مستعمل'),
(222, 33, 'ToyotaCamry2024', '[\"https://iqcarsgermany.azureedge.net/img/CarAttachments\\\\1723310218491.448OutputFile_1723310139144_out.jpeg\", \"https://iqcarsgermany.azureedge.net/img/CarAttachments\\\\1723310220938.1882OutputFile_1723310139089_out.jpeg\", \"https://iqcarsgermany.azureedge.net/img/CarAttachments\\\\1723310245509.8584OutputFile_1723310139161_out.jpeg\", \"https://iqcarsgermany.azureedge.net/img/CarAttachments\\\\1723310218491.448OutputFile_1723310139144_out.jpeg\", \"https://iqcarsgermany.azureedge.net/img/CarAttachments\\\\1723310220938.1882OutputFile_1723310139089_out.jpeg\", \"https://iqcarsgermany.azureedge.net/img/CarAttachments\\\\1723310245509.8584OutputFile_1723310139161_out.jpeg\"]', ' 2.0', '619', 'White', 'اوتوماتيك', 6, 6, 87.00, 48.00, 63.00, 'GLE', 'No Paint', 'Baghdad,Private', 5, 'Leather', 'جديد'),
(223, 44, 'NissanRogue Sport2017', '[\"https://iqcarsgermany.azureedge.net/img/CarAttachments\\\\1723311685444.7756OutputFile_1723311655316_out.jpeg\", \"https://iqcarsgermany.azureedge.net/img/CarAttachments\\\\1723311687168.2603OutputFile_1723311655375_out.jpeg\", \"https://iqcarsgermany.azureedge.net/img/CarAttachments\\\\1723311683726.7644OutputFile_1723311655244_out.jpeg\", \"https://iqcarsgermany.azureedge.net/img/CarAttachments\\\\1723311685444.7756OutputFile_1723311655316_out.jpeg\", \"https://iqcarsgermany.azureedge.net/img/CarAttachments\\\\1723311687168.2603OutputFile_1723311655375_out.jpeg\", \"https://iqcarsgermany.azureedge.net/img/CarAttachments\\\\1723311683726.7644OutputFile_1723311655244_out.jpeg\"]', ' 2.0', '3514', 'Orange', 'عادي', 5, 4, 68.00, 54.00, 55.00, NULL, 'No Paint', 'Baghdad,Private', 5, 'Mix', 'مستعمل'),
(224, 36, 'ChevroletCaptiva2024', '[\"https://iqcarsgermany.azureedge.net/img/CarAttachments\\\\1723310870185.08761723310523832.jpg\", \"https://iqcarsgermany.azureedge.net/img/CarAttachments\\\\1723310869624.96731723310523713.jpg\", \"https://iqcarsgermany.azureedge.net/img/CarAttachments\\\\1723310868265.5161723310523463.jpg\", \"https://iqcarsgermany.azureedge.net/img/CarAttachments\\\\1723310870185.08761723310523832.jpg\", \"https://iqcarsgermany.azureedge.net/img/CarAttachments\\\\1723310869624.96731723310523713.jpg\", \"https://iqcarsgermany.azureedge.net/img/CarAttachments\\\\1723310868265.5161723310523463.jpg\"]', ' 1.5T', '4577', 'Black', 'اوتوماتيك', 6, 6, 13.00, 69.00, 28.00, 'Premier', 'Clean Title', 'Baghdad,Private', 7, 'Fabric', 'مستعمل'),
(225, 56, 'JetourDashing2024', '[\"https://iqcarsgermany.azureedge.net/img/CarAttachments\\\\1723310646228.9251000050209_out.jpg\", \"https://iqcarsgermany.azureedge.net/img/CarAttachments\\\\1723310645380.18871000050207_out.jpg\", \"https://iqcarsgermany.azureedge.net/img/CarAttachments\\\\1723310649237.6851000050203_out.jpg\", \"https://iqcarsgermany.azureedge.net/img/CarAttachments\\\\1723310646228.9251000050209_out.jpg\", \"https://iqcarsgermany.azureedge.net/img/CarAttachments\\\\1723310645380.18871000050207_out.jpg\", \"https://iqcarsgermany.azureedge.net/img/CarAttachments\\\\1723310649237.6851000050203_out.jpg\"]', ' 1.6T', '1205', 'White', 'اوتوماتيك', 4, 6, 15.00, 71.00, 30.00, NULL, 'Clean Title', 'Baghdad,Private', 5, 'Leather', 'مستعمل'),
(226, 43, 'Mercedes-BenzC-Class2022', '[\"https://iqcarsgermany.azureedge.net/img/CarAttachments\\\\1723310511537.76951723310503194.JPG\", \"https://iqcarsgermany.azureedge.net/img/CarAttachments\\\\1723310512161.1941723310503296.JPG\", \"https://iqcarsgermany.azureedge.net/img/CarAttachments\\\\1723310516694.2291723310504074.JPG\", \"https://iqcarsgermany.azureedge.net/img/CarAttachments\\\\1723310511537.76951723310503194.JPG\", \"https://iqcarsgermany.azureedge.net/img/CarAttachments\\\\1723310512161.1941723310503296.JPG\", \"https://iqcarsgermany.azureedge.net/img/CarAttachments\\\\1723310516694.2291723310504074.JPG\"]', ' 2.0', '2993', 'Black', 'عادي', 6, 4, 16.00, 72.00, 31.00, 'C300', '2 Parts', 'Erbil,Temporary', 5, 'Leather', 'مستعمل'),
(227, 36, 'JeepPatriot2017', '[\"https://iqcarsgermany.azureedge.net/img/CarAttachments\\\\1723310506537.41481000064286_out.jpg\", \"https://iqcarsgermany.azureedge.net/img/CarAttachments\\\\1723310508352.41851000064290_out.jpg\", \"https://iqcarsgermany.azureedge.net/img/CarAttachments\\\\1723310510148.69431000064284_out.jpg\", \"https://iqcarsgermany.azureedge.net/img/CarAttachments\\\\1723310506537.41481000064286_out.jpg\", \"https://iqcarsgermany.azureedge.net/img/CarAttachments\\\\1723310508352.41851000064290_out.jpg\", \"https://iqcarsgermany.azureedge.net/img/CarAttachments\\\\1723310510148.69431000064284_out.jpg\"]', ' 2.0', '5672', 'Silver', 'عادي', 6, 5, 21.00, 90.00, 19.00, NULL, '2 PartsSee Photos', 'Erbil,Private', 5, 'Fabric', 'مستعمل'),
(228, 53, 'ToyotaHighlander2021', '[\"https://iqcarsgermany.azureedge.net/img/CarAttachments\\\\1723310310856.24321723310298048.jpg\", \"https://iqcarsgermany.azureedge.net/img/CarAttachments\\\\1723310314884.5491723310298187.jpg\", \"https://iqcarsgermany.azureedge.net/img/CarAttachments\\\\1723310318392.9881723310298657.jpg\", \"https://iqcarsgermany.azureedge.net/img/CarAttachments\\\\1723310310856.24321723310298048.jpg\", \"https://iqcarsgermany.azureedge.net/img/CarAttachments\\\\1723310314884.5491723310298187.jpg\", \"https://iqcarsgermany.azureedge.net/img/CarAttachments\\\\1723310318392.9881723310298657.jpg\"]', ' 3.5', '2785', 'Black', 'اوتوماتيك', 4, 5, 84.00, 85.00, 71.00, 'XSE', 'Clean Title', 'Erbil,Temporary', 7, 'Leather', 'مستعمل'),
(229, 16, 'JeepGrand Cherokee2021', '[\"https://iqcarsgermany.azureedge.net/img/CarAttachments\\\\1723310205405.17771723310194194.jpg\", \"https://iqcarsgermany.azureedge.net/img/CarAttachments\\\\1723310208096.20531723310194708.jpg\", \"https://iqcarsgermany.azureedge.net/img/CarAttachments\\\\1723310213080.41361723310195449.jpg\", \"https://iqcarsgermany.azureedge.net/img/CarAttachments\\\\1723310205405.17771723310194194.jpg\", \"https://iqcarsgermany.azureedge.net/img/CarAttachments\\\\1723310208096.20531723310194708.jpg\", \"https://iqcarsgermany.azureedge.net/img/CarAttachments\\\\1723310213080.41361723310195449.jpg\"]', ' 6.4', '2149', 'Black', 'اوتوماتيك', 4, 5, 94.00, 66.00, 40.00, 'SRT', 'Clean Title', 'Duhok,Private', 5, 'Leather', 'مستعمل'),
(230, 31, 'JeepGrand Cherokee2020', '[\"https://iqcarsgermany.azureedge.net/img/CarAttachments\\\\1723310098020.42241723308119988.JPG\", \"https://iqcarsgermany.azureedge.net/img/CarAttachments\\\\1723310098571.831723308120040.JPG\", \"https://iqcarsgermany.azureedge.net/img/CarAttachments\\\\1723310099257.76641723308120085.JPG\", \"https://iqcarsgermany.azureedge.net/img/CarAttachments\\\\1723310098020.42241723308119988.JPG\", \"https://iqcarsgermany.azureedge.net/img/CarAttachments\\\\1723310098571.831723308120040.JPG\", \"https://iqcarsgermany.azureedge.net/img/CarAttachments\\\\1723310099257.76641723308120085.JPG\"]', ' 3.6', '2169', 'White', 'عادي', 5, 4, 80.00, 90.00, 21.00, 'Limited', '1 Part', 'Erbil,Private', 5, 'Leather', 'مستعمل'),
(231, 33, 'ToyotaCorolla2024', '[\"https://iqcarsgermany.azureedge.net/img/CarAttachments\\\\1723308499119.2024OutputFile_1723308484669_out.jpeg\", \"https://iqcarsgermany.azureedge.net/img/CarAttachments\\\\1723308500361.174OutputFile_1723308484816_out.jpeg\", \"https://iqcarsgermany.azureedge.net/img/CarAttachments\\\\1723308503162.797OutputFile_1723308484775_out.jpeg\", \"https://iqcarsgermany.azureedge.net/img/CarAttachments\\\\1723308499119.2024OutputFile_1723308484669_out.jpeg\", \"https://iqcarsgermany.azureedge.net/img/CarAttachments\\\\1723308500361.174OutputFile_1723308484816_out.jpeg\", \"https://iqcarsgermany.azureedge.net/img/CarAttachments\\\\1723308503162.797OutputFile_1723308484775_out.jpeg\"]', ' 2.0', '4178', 'White', 'اوتوماتيك', 6, 6, 97.00, 50.00, 39.00, NULL, 'No Paint', 'Baghdad,Private', 5, 'Leather', 'جديد'),
(232, 37, 'AudiA42009', '[\"https://iqcarsgermany.azureedge.net/img/CarAttachments\\\\1723309776061.21951000001132_out.jpg\", \"https://iqcarsgermany.azureedge.net/img/CarAttachments\\\\1723309778826.0781000001128_out.jpg\", \"https://iqcarsgermany.azureedge.net/img/CarAttachments\\\\1723309776572.34381000001127_out.jpg\", \"https://iqcarsgermany.azureedge.net/img/CarAttachments\\\\1723309776061.21951000001132_out.jpg\", \"https://iqcarsgermany.azureedge.net/img/CarAttachments\\\\1723309778826.0781000001128_out.jpg\", \"https://iqcarsgermany.azureedge.net/img/CarAttachments\\\\1723309776572.34381000001127_out.jpg\"]', ' 1.8', '3247', 'Black', 'عادي', 6, 5, 37.00, 57.00, 76.00, 'TFSI', '2 Parts', 'Baghdad,Private', 5, 'Leather', 'مستعمل'),
(233, 27, 'MG52022', '[\"https://iqcarsgermany.azureedge.net/img/CarAttachments\\\\1723309910533.0021000006665_out.jpg\", \"https://iqcarsgermany.azureedge.net/img/CarAttachments\\\\1723309919058.86061000006659_out.jpg\", \"https://iqcarsgermany.azureedge.net/img/CarAttachments\\\\1723309713913.72121000006650_out.jpg\", \"https://iqcarsgermany.azureedge.net/img/CarAttachments\\\\1723309910533.0021000006665_out.jpg\", \"https://iqcarsgermany.azureedge.net/img/CarAttachments\\\\1723309919058.86061000006659_out.jpg\", \"https://iqcarsgermany.azureedge.net/img/CarAttachments\\\\1723309713913.72121000006650_out.jpg\"]', ' 1.5', '3479', 'Silver', 'اوتوماتيك', 4, 5, 21.00, 44.00, 60.00, 'LUX', '1 PartSee Photos', 'Basra,Temporary', 5, 'Fabric', 'مستعمل'),
(234, 9, 'KiaForte2013', '[\"https://iqcarsgermany.azureedge.net/img/CarAttachments\\\\1723309613986.82521000078011_out.jpg\", \"https://iqcarsgermany.azureedge.net/img/CarAttachments\\\\1723309615402.8171000078014_out.jpg\", \"https://iqcarsgermany.azureedge.net/img/CarAttachments\\\\1723309616500.49951000078023_out.jpg\", \"https://iqcarsgermany.azureedge.net/img/CarAttachments\\\\1723309613986.82521000078011_out.jpg\", \"https://iqcarsgermany.azureedge.net/img/CarAttachments\\\\1723309615402.8171000078014_out.jpg\", \"https://iqcarsgermany.azureedge.net/img/CarAttachments\\\\1723309616500.49951000078023_out.jpg\"]', ' 2.0', '1978', 'Yellow', 'اوتوماتيك', 6, 6, 67.00, 57.00, 73.00, 'EX', '1 Part', 'Baghdad,Taxi', 5, 'Fabric', 'مستعمل'),
(235, 21, 'KiaPegas2023', '[\"https://iqcarsgermany.azureedge.net/img/CarAttachments\\\\1723309654371.00171723300381139.jpg\", \"https://iqcarsgermany.azureedge.net/img/CarAttachments\\\\1723309471586.59351723300381007.jpg\", \"https://iqcarsgermany.azureedge.net/img/CarAttachments\\\\1723309472806.38161723300381256.jpg\", \"https://iqcarsgermany.azureedge.net/img/CarAttachments\\\\1723309654371.00171723300381139.jpg\", \"https://iqcarsgermany.azureedge.net/img/CarAttachments\\\\1723309471586.59351723300381007.jpg\", \"https://iqcarsgermany.azureedge.net/img/CarAttachments\\\\1723309472806.38161723300381256.jpg\"]', ' 1.4', '4690', 'White', 'عادي', 5, 4, 93.00, 59.00, 94.00, 'MPI', 'Clean Title', 'Erbil,Private', 5, 'Leather', 'مستعمل'),
(236, 50, 'JeepGrand Cherokee2011', '[\"https://iqcarsgermany.azureedge.net/img/CarAttachments\\\\1723309228880.57351723301144318.jpg\", \"https://iqcarsgermany.azureedge.net/img/CarAttachments\\\\1723309227764.60331723301144124.jpg\", \"https://iqcarsgermany.azureedge.net/img/CarAttachments\\\\1723309230076.8021723301144522.jpg\", \"https://iqcarsgermany.azureedge.net/img/CarAttachments\\\\1723309228880.57351723301144318.jpg\", \"https://iqcarsgermany.azureedge.net/img/CarAttachments\\\\1723309227764.60331723301144124.jpg\", \"https://iqcarsgermany.azureedge.net/img/CarAttachments\\\\1723309230076.8021723301144522.jpg\"]', ' 3.6', '920', 'White', 'اوتوماتيك', 5, 5, 14.00, 49.00, 14.00, 'Laredo', '5 Parts', 'Baghdad,Private', 5, 'Fabric', 'مستعمل'),
(237, 22, 'ToyotaHighlander2023', '[\"https://iqcarsgermany.azureedge.net/img/CarAttachments\\\\1723309146824.25371723309126623.jpg\", \"https://iqcarsgermany.azureedge.net/img/CarAttachments\\\\1723309149886.61281723309126943.jpg\", \"https://iqcarsgermany.azureedge.net/img/CarAttachments\\\\1723309156987.84571723309127469.jpg\", \"https://iqcarsgermany.azureedge.net/img/CarAttachments\\\\1723309146824.25371723309126623.jpg\", \"https://iqcarsgermany.azureedge.net/img/CarAttachments\\\\1723309149886.61281723309126943.jpg\", \"https://iqcarsgermany.azureedge.net/img/CarAttachments\\\\1723309156987.84571723309127469.jpg\"]', ' 2.5', '1231', 'Black', 'عادي', 4, 6, 94.00, 60.00, 95.00, 'Limited', 'Clean Title', 'Erbil,Temporary', 7, 'Leather', 'مستعمل'),
(238, 48, 'DodgeCharger2019', '[\"https://iqcarsgermany.azureedge.net/img/CarAttachments\\\\1723309260061.308scaled_ffdccd3f-950e-418e-b5b9-93949ea2779a6364603865448223124.jpg\", \"https://iqcarsgermany.azureedge.net/img/CarAttachments\\\\1723309271038.9597scaled_355d87b3-971e-45b2-8937-083c0adbc5267824684452127786556.jpg\", \"https://iqcarsgermany.azureedge.net/img/CarAttachments\\\\1723309080673.8604scaled_47645723-fd48-448d-9bf5-c0b70da050df8990188460392013719.jpg\", \"https://iqcarsgermany.azureedge.net/img/CarAttachments\\\\1723309260061.308scaled_ffdccd3f-950e-418e-b5b9-93949ea2779a6364603865448223124.jpg\", \"https://iqcarsgermany.azureedge.net/img/CarAttachments\\\\1723309271038.9597scaled_355d87b3-971e-45b2-8937-083c0adbc5267824684452127786556.jpg\", \"https://iqcarsgermany.azureedge.net/img/CarAttachments\\\\1723309080673.8604scaled_47645723-fd48-448d-9bf5-c0b70da050df8990188460392013719.jpg\"]', ' 3.6', '3173', 'Gray', 'عادي', 6, 6, 17.00, 61.00, 66.00, 'SXT', 'Clean Title', 'Duhok,Private', 5, 'Fabric', 'مستعمل'),
(239, 23, 'CheryA5202013', '[\"https://iqcarsgermany.azureedge.net/img/CarAttachments\\\\1723309037902.62061723301869383.jpg\", \"https://iqcarsgermany.azureedge.net/img/CarAttachments\\\\1723309038239.37231723301869613.jpg\", \"https://iqcarsgermany.azureedge.net/img/CarAttachments\\\\1723309042165.3111723301871218.jpg\", \"https://iqcarsgermany.azureedge.net/img/CarAttachments\\\\1723309037902.62061723301869383.jpg\", \"https://iqcarsgermany.azureedge.net/img/CarAttachments\\\\1723309038239.37231723301869613.jpg\", \"https://iqcarsgermany.azureedge.net/img/CarAttachments\\\\1723309042165.3111723301871218.jpg\"]', ' 1.8', '1033', 'Silver', 'عادي', 6, 6, 45.00, 18.00, 34.00, NULL, '2 Parts', 'AL-Diwaniyah,Private', 5, 'Fabric', 'مستعمل'),
(240, 31, 'LexusRX2022', '[\"https://iqcarsgermany.azureedge.net/img/CarAttachments\\\\1723308962248.49761723308946683.jpg\", \"https://iqcarsgermany.azureedge.net/img/CarAttachments\\\\1723308968784.29321723308947282.jpg\", \"https://iqcarsgermany.azureedge.net/img/CarAttachments\\\\1723308970743.20041723308947506.jpg\", \"https://iqcarsgermany.azureedge.net/img/CarAttachments\\\\1723308962248.49761723308946683.jpg\", \"https://iqcarsgermany.azureedge.net/img/CarAttachments\\\\1723308968784.29321723308947282.jpg\", \"https://iqcarsgermany.azureedge.net/img/CarAttachments\\\\1723308970743.20041723308947506.jpg\"]', ' 3.5', '888', 'Dark Blue', 'عادي', 5, 4, 17.00, 62.00, 70.00, '450h', 'Clean Title', 'Erbil,Temporary', 5, 'Leather', 'مستعمل'),
(241, 18, 'ToyotaCamry2015', '[\"https://iqcarsgermany.azureedge.net/img/CarAttachments\\\\1723308819867.21751723308779057.jpg\", \"https://iqcarsgermany.azureedge.net/img/CarAttachments\\\\1723308826625.82081723308779262.jpg\", \"https://iqcarsgermany.azureedge.net/img/CarAttachments\\\\1723308831748.44291723308781074.jpg\", \"https://iqcarsgermany.azureedge.net/img/CarAttachments\\\\1723308819867.21751723308779057.jpg\", \"https://iqcarsgermany.azureedge.net/img/CarAttachments\\\\1723308826625.82081723308779262.jpg\", \"https://iqcarsgermany.azureedge.net/img/CarAttachments\\\\1723308831748.44291723308781074.jpg\"]', ' 2.5', '1119', 'White', 'عادي', 5, 5, 67.00, 25.00, 94.00, 'SE', '1 Part', 'Duhok,Private', 5, 'Mix', 'مستعمل'),
(242, 40, 'ToyotaCorolla2024', '[\"https://iqcarsgermany.azureedge.net/img/CarAttachments\\\\1723308292205.235OutputFile_1723308266967_out.jpeg\", \"https://iqcarsgermany.azureedge.net/img/CarAttachments\\\\1723308288681.9097OutputFile_1723308267058_out.jpeg\", \"https://iqcarsgermany.azureedge.net/img/CarAttachments\\\\1723308295297.6006OutputFile_1723308267125_out.jpeg\", \"https://iqcarsgermany.azureedge.net/img/CarAttachments\\\\1723308292205.235OutputFile_1723308266967_out.jpeg\", \"https://iqcarsgermany.azureedge.net/img/CarAttachments\\\\1723308288681.9097OutputFile_1723308267058_out.jpeg\", \"https://iqcarsgermany.azureedge.net/img/CarAttachments\\\\1723308295297.6006OutputFile_1723308267125_out.jpeg\"]', ' 1.8', '2713', 'White', 'اوتوماتيك', 6, 4, 23.00, 97.00, 46.00, NULL, 'No Paint', 'Baghdad,Private', 5, 'Leather', 'جديد'),
(243, 13, 'NissanPickup2014', '[\"https://iqcarsgermany.azureedge.net/img/CarAttachments\\\\1723308784930.54271723302337954.jpg\", \"https://iqcarsgermany.azureedge.net/img/CarAttachments\\\\1723308784618.22681723302337807.jpg\", \"https://iqcarsgermany.azureedge.net/img/CarAttachments\\\\1723308787585.2581723302338666.jpg\", \"https://iqcarsgermany.azureedge.net/img/CarAttachments\\\\1723308784930.54271723302337954.jpg\", \"https://iqcarsgermany.azureedge.net/img/CarAttachments\\\\1723308784618.22681723302337807.jpg\", \"https://iqcarsgermany.azureedge.net/img/CarAttachments\\\\1723308787585.2581723302338666.jpg\"]', ' 2.4', '4530', 'White', 'اوتوماتيك', 4, 4, 20.00, 42.00, 50.00, NULL, '2 PartsSee Photos', 'Erbil,Commercial', 5, 'Fabric', 'مستعمل'),
(244, 44, 'JeepWrangler2022', '[\"https://iqcarsgermany.azureedge.net/img/CarAttachments\\\\1723308693429.31031723308659490.jpg\", \"https://iqcarsgermany.azureedge.net/img/CarAttachments\\\\1723308695668.1141723308659819.jpg\", \"https://iqcarsgermany.azureedge.net/img/CarAttachments\\\\1723308851518.163image_picker_B2F43C0E-BCDA-49CE-A872-6C353EAAB5F5-33656-0000033E7D38FDC4.jpg\", \"https://iqcarsgermany.azureedge.net/img/CarAttachments\\\\1723308693429.31031723308659490.jpg\", \"https://iqcarsgermany.azureedge.net/img/CarAttachments\\\\1723308695668.1141723308659819.jpg\", \"https://iqcarsgermany.azureedge.net/img/CarAttachments\\\\1723308851518.163image_picker_B2F43C0E-BCDA-49CE-A872-6C353EAAB5F5-33656-0000033E7D38FDC4.jpg\"]', ' 2.0T', '3371', 'Gray', 'عادي', 5, 4, 23.00, 45.00, 59.00, 'Sahara', '2 Parts', 'Erbil,Temporary', 5, 'Leather', 'مستعمل'),
(245, 30, 'KiaNiro2023', '[\"https://iqcarsgermany.azureedge.net/img/CarAttachments\\\\1723308846201.91481723308365364.jpg\", \"https://iqcarsgermany.azureedge.net/img/CarAttachments\\\\1723308600819.8761723308365588.jpg\", \"https://iqcarsgermany.azureedge.net/img/CarAttachments\\\\1723308605885.4641723308366471.jpg\", \"https://iqcarsgermany.azureedge.net/img/CarAttachments\\\\1723308846201.91481723308365364.jpg\", \"https://iqcarsgermany.azureedge.net/img/CarAttachments\\\\1723308600819.8761723308365588.jpg\", \"https://iqcarsgermany.azureedge.net/img/CarAttachments\\\\1723308605885.4641723308366471.jpg\"]', ' 1.6', '3048', 'White', 'اوتوماتيك', 4, 4, 59.00, 17.00, 80.00, 'High Grade', '1 PartSee Photos', 'Baghdad,Private', 5, 'Leather', 'مستعمل'),
(246, 27, 'PeugeotPars2012', '[\"https://iqcarsgermany.azureedge.net/img/CarAttachments\\\\1723308819158.1008scaled_1ab7f053-7bfb-4001-a3a5-7a77409e52412975311035403753621.jpg\", \"https://iqcarsgermany.azureedge.net/img/CarAttachments\\\\1723308577853.0427scaled_aeb8df5c-6f3c-49e1-8d95-8055716824bc7708787953479683350.jpg\", \"https://iqcarsgermany.azureedge.net/img/CarAttachments\\\\1723308578242.7715scaled_e4bec913-650d-462e-873f-9278962249655234761342951918200.jpg\", \"https://iqcarsgermany.azureedge.net/img/CarAttachments\\\\1723308819158.1008scaled_1ab7f053-7bfb-4001-a3a5-7a77409e52412975311035403753621.jpg\", \"https://iqcarsgermany.azureedge.net/img/CarAttachments\\\\1723308577853.0427scaled_aeb8df5c-6f3c-49e1-8d95-8055716824bc7708787953479683350.jpg\", \"https://iqcarsgermany.azureedge.net/img/CarAttachments\\\\1723308578242.7715scaled_e4bec913-650d-462e-873f-9278962249655234761342951918200.jpg\"]', ' 1.8', '4909', 'White', 'اوتوماتيك', 5, 6, 71.00, 16.00, 35.00, NULL, 'No Paint', 'Basra,Private', 5, 'Fabric', 'مستعمل'),
(247, 23, 'HyundaiAccent2024', '[\"https://iqcarsgermany.azureedge.net/img/CarAttachments\\\\1723308559330.95071000001714_out.jpg\", \"https://iqcarsgermany.azureedge.net/img/CarAttachments\\\\1723308558995.86841000001715_out.jpg\", \"https://iqcarsgermany.azureedge.net/img/CarAttachments\\\\1723308564234.32031000001707_out.jpg\", \"https://iqcarsgermany.azureedge.net/img/CarAttachments\\\\1723308559330.95071000001714_out.jpg\", \"https://iqcarsgermany.azureedge.net/img/CarAttachments\\\\1723308558995.86841000001715_out.jpg\", \"https://iqcarsgermany.azureedge.net/img/CarAttachments\\\\1723308564234.32031000001707_out.jpg\"]', ' 1.5', '4260', 'White', 'عادي', 4, 4, 30.00, 34.00, 69.00, 'Limited', 'No Paint', 'Baghdad,Private', 5, 'Fabric', 'مستعمل'),
(248, 36, 'Mercedes-BenzGLC2023', '[\"https://iqcarsgermany.azureedge.net/img/CarAttachments\\\\1723308532870.5161723308070173.jpg\", \"https://iqcarsgermany.azureedge.net/img/CarAttachments\\\\1723308534077.44851723308070231.jpg\", \"https://iqcarsgermany.azureedge.net/img/CarAttachments\\\\1723308540856.26641723308071591.jpg\", \"https://iqcarsgermany.azureedge.net/img/CarAttachments\\\\1723308532870.5161723308070173.jpg\", \"https://iqcarsgermany.azureedge.net/img/CarAttachments\\\\1723308534077.44851723308070231.jpg\", \"https://iqcarsgermany.azureedge.net/img/CarAttachments\\\\1723308540856.26641723308071591.jpg\"]', ' 2.0', '897', 'White', 'اوتوماتيك', 4, 4, 55.00, 58.00, 27.00, '300', 'No Paint', 'Sulaymaniyah,Private', 5, 'Leather', 'مستعمل'),
(249, 42, 'CadillacEscalade2021', '[\"https://iqcarsgermany.azureedge.net/img/CarAttachments\\\\1723308517603.83761723308509655.jpg\", \"https://iqcarsgermany.azureedge.net/img/CarAttachments\\\\1723308520257.11721723308510506.jpg\", \"https://iqcarsgermany.azureedge.net/img/CarAttachments\\\\1723308525048.6111723308511573.jpg\", \"https://iqcarsgermany.azureedge.net/img/CarAttachments\\\\1723308517603.83761723308509655.jpg\", \"https://iqcarsgermany.azureedge.net/img/CarAttachments\\\\1723308520257.11721723308510506.jpg\", \"https://iqcarsgermany.azureedge.net/img/CarAttachments\\\\1723308525048.6111723308511573.jpg\"]', ' 6.2', '2403', 'Silver', 'اوتوماتيك', 4, 4, 40.00, 18.00, 51.00, '600', 'No Paint', 'Duhok,Private', 7, 'Leather', 'مستعمل'),
(250, 33, 'ToyotaAvalon2020', '[\"https://iqcarsgermany.azureedge.net/img/CarAttachments\\\\1723308581747.01371723307995663.JPG\", \"https://iqcarsgermany.azureedge.net/img/CarAttachments\\\\1723308588256.121723307995543.JPG\", \"https://iqcarsgermany.azureedge.net/img/CarAttachments\\\\1723308398793.87571723307995635.JPG\", \"https://iqcarsgermany.azureedge.net/img/CarAttachments\\\\1723308581747.01371723307995663.JPG\", \"https://iqcarsgermany.azureedge.net/img/CarAttachments\\\\1723308588256.121723307995543.JPG\", \"https://iqcarsgermany.azureedge.net/img/CarAttachments\\\\1723308398793.87571723307995635.JPG\"]', ' 3.5', '3645', 'Maroon', 'اوتوماتيك', 4, 4, 14.00, 85.00, 14.00, 'Limited', '2 PartsSee Photos', 'Erbil,Private', 5, 'Leather', 'مستعمل'),
(251, 58, 'KiaSorento2024', '[\"https://iqcarsgermany.azureedge.net/img/CarAttachments\\\\1723308539604.35181723305820796.JPG\", \"https://iqcarsgermany.azureedge.net/img/CarAttachments\\\\1723308331453.20921723305820870.JPG\", \"https://iqcarsgermany.azureedge.net/img/CarAttachments\\\\1723308333993.79981723305820992.JPG\", \"https://iqcarsgermany.azureedge.net/img/CarAttachments\\\\1723308539604.35181723305820796.JPG\", \"https://iqcarsgermany.azureedge.net/img/CarAttachments\\\\1723308331453.20921723305820870.JPG\", \"https://iqcarsgermany.azureedge.net/img/CarAttachments\\\\1723308333993.79981723305820992.JPG\"]', ' 2.5', '5336', 'White', 'اوتوماتيك', 5, 5, 74.00, 50.00, 19.00, NULL, 'Clean Title', 'Baghdad,Private', 7, 'Fabric', 'مستعمل');
INSERT INTO `car` (`id`, `branch_id`, `title`, `images`, `engine`, `mileage`, `color`, `transmission`, `doors`, `seats`, `price_per_day`, `price_per_hour`, `price_per_month`, `trim`, `paint_parts`, `plate`, `seat_number`, `seat_material`, `condition`) VALUES
(252, 32, 'ChevroletMalibu2017', '[\"https://iqcarsgermany.azureedge.net/img/CarAttachments\\\\1723308435584.15281723307845971.jpg\", \"https://iqcarsgermany.azureedge.net/img/CarAttachments\\\\1723308170241.8611723307845611.jpg\", \"https://iqcarsgermany.azureedge.net/img/CarAttachments\\\\1723308172062.28271723307846136.jpg\", \"https://iqcarsgermany.azureedge.net/img/CarAttachments\\\\1723308435584.15281723307845971.jpg\", \"https://iqcarsgermany.azureedge.net/img/CarAttachments\\\\1723308170241.8611723307845611.jpg\", \"https://iqcarsgermany.azureedge.net/img/CarAttachments\\\\1723308172062.28271723307846136.jpg\"]', ' 1.5T', '4609', 'Black', 'اوتوماتيك', 4, 4, 25.00, 56.00, 19.00, 'LT', '2 Parts', 'Erbil,Private', 5, 'Fabric', 'مستعمل'),
(253, 45, 'KiaSportage2022', '[\"https://iqcarsgermany.azureedge.net/img/CarAttachments\\\\1723307867065.6584OutputFile_1723307844432_out.jpeg\", \"https://iqcarsgermany.azureedge.net/img/CarAttachments\\\\1723307865427.994OutputFile_1723307844485_out.jpeg\", \"https://iqcarsgermany.azureedge.net/img/CarAttachments\\\\1723307872069.077OutputFile_1723307844619_out.jpeg\", \"https://iqcarsgermany.azureedge.net/img/CarAttachments\\\\1723307867065.6584OutputFile_1723307844432_out.jpeg\", \"https://iqcarsgermany.azureedge.net/img/CarAttachments\\\\1723307865427.994OutputFile_1723307844485_out.jpeg\", \"https://iqcarsgermany.azureedge.net/img/CarAttachments\\\\1723307872069.077OutputFile_1723307844619_out.jpeg\"]', ' 2.0', '1360', 'White', 'اوتوماتيك', 6, 6, 96.00, 55.00, 65.00, NULL, 'No Paint', 'Baghdad,Private', 5, 'Leather', 'جديد'),
(254, 21, 'HyundaiTucson2010', '[\"https://iqcarsgermany.azureedge.net/img/CarAttachments\\\\1723308388044.67361000003110_out.jpg\", \"https://iqcarsgermany.azureedge.net/img/CarAttachments\\\\1723308397878.5631000003112_out.jpg\", \"https://iqcarsgermany.azureedge.net/img/CarAttachments\\\\1723307985813.2451000003115_out.jpg\", \"https://iqcarsgermany.azureedge.net/img/CarAttachments\\\\1723308388044.67361000003110_out.jpg\", \"https://iqcarsgermany.azureedge.net/img/CarAttachments\\\\1723308397878.5631000003112_out.jpg\", \"https://iqcarsgermany.azureedge.net/img/CarAttachments\\\\1723307985813.2451000003115_out.jpg\"]', ' 1.6T', '3669', 'White', 'عادي', 5, 4, 61.00, 11.00, 43.00, NULL, 'Clean Title', 'Erbil,Private', 5, 'Fabric', 'مستعمل'),
(255, 21, 'VolkswagenJetta2022', '[\"https://iqcarsgermany.azureedge.net/img/CarAttachments\\\\1723307771356.28961723307766158.JPG\", \"https://iqcarsgermany.azureedge.net/img/CarAttachments\\\\1723307773060.61941723307766180.JPG\", \"https://iqcarsgermany.azureedge.net/img/CarAttachments\\\\1723307777493.50761723307766297.JPG\", \"https://iqcarsgermany.azureedge.net/img/CarAttachments\\\\1723307771356.28961723307766158.JPG\", \"https://iqcarsgermany.azureedge.net/img/CarAttachments\\\\1723307773060.61941723307766180.JPG\", \"https://iqcarsgermany.azureedge.net/img/CarAttachments\\\\1723307777493.50761723307766297.JPG\"]', ' 1.5T', '3130', 'Black', 'اوتوماتيك', 5, 6, 83.00, 98.00, 48.00, 'SE', '3 Parts', 'Erbil,Private', 5, 'Leather', 'مستعمل'),
(256, 21, 'LexusRX2021', '[\"https://iqcarsgermany.azureedge.net/img/CarAttachments\\\\1723307536907.2351723307526908.jpg\", \"https://iqcarsgermany.azureedge.net/img/CarAttachments\\\\1723307540531.72951723307527240.jpg\", \"https://iqcarsgermany.azureedge.net/img/CarAttachments\\\\1723307546616.09351723307527643.jpg\", \"https://iqcarsgermany.azureedge.net/img/CarAttachments\\\\1723307536907.2351723307526908.jpg\", \"https://iqcarsgermany.azureedge.net/img/CarAttachments\\\\1723307540531.72951723307527240.jpg\", \"https://iqcarsgermany.azureedge.net/img/CarAttachments\\\\1723307546616.09351723307527643.jpg\"]', ' 3.5', '4422', 'Black', 'اوتوماتيك', 6, 4, 27.00, 74.00, 99.00, '350', 'Clean Title', 'Duhok,Private', 5, 'Leather', 'مستعمل'),
(257, 44, 'HyundaiSonata2016', '[\"https://iqcarsgermany.azureedge.net/img/CarAttachments\\\\1723307809970.42681000039020_out.jpg\", \"https://iqcarsgermany.azureedge.net/img/CarAttachments\\\\1723307532783.69361000039022_out.jpg\", \"https://iqcarsgermany.azureedge.net/img/CarAttachments\\\\1723307534202.4311000038894_out.jpg\", \"https://iqcarsgermany.azureedge.net/img/CarAttachments\\\\1723307809970.42681000039020_out.jpg\", \"https://iqcarsgermany.azureedge.net/img/CarAttachments\\\\1723307532783.69361000039022_out.jpg\", \"https://iqcarsgermany.azureedge.net/img/CarAttachments\\\\1723307534202.4311000038894_out.jpg\"]', ' 2.4', '1584', 'Red', 'عادي', 4, 4, 85.00, 25.00, 42.00, NULL, 'No Paint', 'Baghdad,Private', 5, 'Fabric', 'مستعمل'),
(258, 32, 'ChevroletTahoe2022', '[\"https://iqcarsgermany.azureedge.net/img/CarAttachments\\\\1723307752177.28561723307514033.jpg\", \"https://iqcarsgermany.azureedge.net/img/CarAttachments\\\\1723307762945.80521723307514911.jpg\", \"https://iqcarsgermany.azureedge.net/img/CarAttachments\\\\1723307534551.73051723307514791.jpg\", \"https://iqcarsgermany.azureedge.net/img/CarAttachments\\\\1723307752177.28561723307514033.jpg\", \"https://iqcarsgermany.azureedge.net/img/CarAttachments\\\\1723307762945.80521723307514911.jpg\", \"https://iqcarsgermany.azureedge.net/img/CarAttachments\\\\1723307534551.73051723307514791.jpg\"]', ' 5.3', '5351', 'Black', 'اوتوماتيك', 5, 6, 36.00, 44.00, 13.00, 'Premier', 'No Paint', 'Sulaymaniyah,Private', 7, 'Leather', 'مستعمل'),
(259, 50, 'FordEscape2022', '[\"https://iqcarsgermany.azureedge.net/img/CarAttachments\\\\1723307480933.1541723307473547.jpg\", \"https://iqcarsgermany.azureedge.net/img/CarAttachments\\\\1723307478754.59281723307472767.jpg\", \"https://iqcarsgermany.azureedge.net/img/CarAttachments\\\\1723307486643.06471723307476465.jpg\", \"https://iqcarsgermany.azureedge.net/img/CarAttachments\\\\1723307480933.1541723307473547.jpg\", \"https://iqcarsgermany.azureedge.net/img/CarAttachments\\\\1723307478754.59281723307472767.jpg\", \"https://iqcarsgermany.azureedge.net/img/CarAttachments\\\\1723307486643.06471723307476465.jpg\"]', ' 1.5T', '5405', 'White', 'اوتوماتيك', 5, 5, 14.00, 22.00, 60.00, 'SE', '1 Part', 'Erbil,Temporary', 5, 'Fabric', 'مستعمل'),
(260, 57, 'JeepCherokee2016', '[\"https://iqcarsgermany.azureedge.net/img/CarAttachments\\\\1723307652827.005Cropped_1000011423_out.jpg\", \"https://iqcarsgermany.azureedge.net/img/CarAttachments\\\\1723307664323.4382Cropped_1000011426_out.jpg\", \"https://iqcarsgermany.azureedge.net/img/CarAttachments\\\\1723307373753.16281000011424_out.jpg\", \"https://iqcarsgermany.azureedge.net/img/CarAttachments\\\\1723307652827.005Cropped_1000011423_out.jpg\", \"https://iqcarsgermany.azureedge.net/img/CarAttachments\\\\1723307664323.4382Cropped_1000011426_out.jpg\", \"https://iqcarsgermany.azureedge.net/img/CarAttachments\\\\1723307373753.16281000011424_out.jpg\"]', ' 2.4', '5295', 'White', 'اوتوماتيك', 4, 5, 41.00, 18.00, 46.00, 'Limited', '4 PartsSee Photos', 'Baghdad,Private', 5, 'Leather', 'مستعمل'),
(261, 33, 'ToyotaCamry2023', '[\"https://iqcarsgermany.azureedge.net/img/CarAttachments\\\\1723307278404.4441723307262795.jpg\", \"https://iqcarsgermany.azureedge.net/img/CarAttachments\\\\1723307281288.7141723307263610.jpg\", \"https://iqcarsgermany.azureedge.net/img/CarAttachments\\\\1723307286135.35331723307264975.jpg\", \"https://iqcarsgermany.azureedge.net/img/CarAttachments\\\\1723307278404.4441723307262795.jpg\", \"https://iqcarsgermany.azureedge.net/img/CarAttachments\\\\1723307281288.7141723307263610.jpg\", \"https://iqcarsgermany.azureedge.net/img/CarAttachments\\\\1723307286135.35331723307264975.jpg\"]', ' 2.5', '4583', 'Gray', 'عادي', 4, 4, 79.00, 66.00, 84.00, 'LE', 'Clean Title', 'Duhok,Private', 5, 'Fabric', 'مستعمل'),
(262, 55, 'ToyotaLand Cruiser2019', '[\"https://iqcarsgermany.azureedge.net/img/CarAttachments\\\\1723307530042.591723307176710.jpg\", \"https://iqcarsgermany.azureedge.net/img/CarAttachments\\\\1723307543502.9551723307177782.jpg\", \"https://iqcarsgermany.azureedge.net/img/CarAttachments\\\\1723307199212.38921723307177659.jpg\", \"https://iqcarsgermany.azureedge.net/img/CarAttachments\\\\1723307530042.591723307176710.jpg\", \"https://iqcarsgermany.azureedge.net/img/CarAttachments\\\\1723307543502.9551723307177782.jpg\", \"https://iqcarsgermany.azureedge.net/img/CarAttachments\\\\1723307199212.38921723307177659.jpg\"]', ' 4.0', '1351', 'Black', 'عادي', 4, 5, 33.00, 84.00, 42.00, 'GX.R Grand Touring', 'No Paint', 'Sulaymaniyah,Private', 7, 'Leather', 'مستعمل'),
(263, 57, 'ToyotaRAV42021', '[\"https://iqcarsgermany.azureedge.net/img/CarAttachments\\\\1723307053616.20211723307044705.jpg\", \"https://iqcarsgermany.azureedge.net/img/CarAttachments\\\\1723307057511.55131723307045056.jpg\", \"https://iqcarsgermany.azureedge.net/img/CarAttachments\\\\1723307062737.01461723307046012.jpg\", \"https://iqcarsgermany.azureedge.net/img/CarAttachments\\\\1723307053616.20211723307044705.jpg\", \"https://iqcarsgermany.azureedge.net/img/CarAttachments\\\\1723307057511.55131723307045056.jpg\", \"https://iqcarsgermany.azureedge.net/img/CarAttachments\\\\1723307062737.01461723307046012.jpg\"]', ' 2.5', '3706', 'Dark Blue', 'عادي', 6, 5, 36.00, 47.00, 27.00, 'XLE', 'No Paint', 'Duhok,Private', 5, 'Fabric', 'مستعمل'),
(264, 46, 'Land RoverRange Rover Vogue2019', '[\"https://iqcarsgermany.azureedge.net/img/CarAttachments\\\\1723306060835.7451723304014024.jpg\", \"https://iqcarsgermany.azureedge.net/img/CarAttachments\\\\1723306079272.00851723304013868.jpg\", \"https://iqcarsgermany.azureedge.net/img/CarAttachments\\\\1723306154016.8877Cropped_1723304013964.jpg\", \"https://iqcarsgermany.azureedge.net/img/CarAttachments\\\\1723306060835.7451723304014024.jpg\", \"https://iqcarsgermany.azureedge.net/img/CarAttachments\\\\1723306079272.00851723304013868.jpg\", \"https://iqcarsgermany.azureedge.net/img/CarAttachments\\\\1723306154016.8877Cropped_1723304013964.jpg\"]', ' 5.0', '3337', 'White', 'عادي', 6, 5, 74.00, 11.00, 92.00, 'Autobiography', 'No Paint', 'Erbil,Private', 5, 'Leather', 'مستعمل'),
(265, 48, 'ToyotaRAV42021', '[\"https://iqcarsgermany.azureedge.net/img/CarAttachments\\\\1723306793661.7121723306716271.jpg\", \"https://iqcarsgermany.azureedge.net/img/CarAttachments\\\\1723306796458.30441723306717146.jpg\", \"https://iqcarsgermany.azureedge.net/img/CarAttachments\\\\1723306801525.2131723306718612.jpg\", \"https://iqcarsgermany.azureedge.net/img/CarAttachments\\\\1723306793661.7121723306716271.jpg\", \"https://iqcarsgermany.azureedge.net/img/CarAttachments\\\\1723306796458.30441723306717146.jpg\", \"https://iqcarsgermany.azureedge.net/img/CarAttachments\\\\1723306801525.2131723306718612.jpg\"]', ' 2.5', '5348', 'Dark Blue', 'عادي', 5, 4, 58.00, 95.00, 21.00, 'XLE Hybrid', 'Clean Title', 'Duhok,Private', 5, 'Fabric', 'مستعمل'),
(266, 40, 'GMCYukon2022', '[\"https://iqcarsgermany.azureedge.net/img/CarAttachments\\\\1723304912446.9656OutputFile_1723304843089_out.jpeg\", \"https://iqcarsgermany.azureedge.net/img/CarAttachments\\\\1723304913998.1565OutputFile_1723304843461_out.jpeg\", \"https://iqcarsgermany.azureedge.net/img/CarAttachments\\\\1723304923518.921OutputFile_1723304844323_out.jpeg\", \"https://iqcarsgermany.azureedge.net/img/CarAttachments\\\\1723304912446.9656OutputFile_1723304843089_out.jpeg\", \"https://iqcarsgermany.azureedge.net/img/CarAttachments\\\\1723304913998.1565OutputFile_1723304843461_out.jpeg\", \"https://iqcarsgermany.azureedge.net/img/CarAttachments\\\\1723304923518.921OutputFile_1723304844323_out.jpeg\"]', ' 6.2', '5590', 'Black', 'عادي', 5, 4, 79.00, 53.00, 19.00, 'Denali', 'No Paint', 'Erbil,Private', 7, 'Leather', 'مستعمل'),
(267, 11, 'KiaSoul2018', '[\"https://iqcarsgermany.azureedge.net/img/CarAttachments\\\\1723306929666.25761723306385352.jpg\", \"https://iqcarsgermany.azureedge.net/img/CarAttachments\\\\1723306776728.75881723306385651.jpg\", \"https://iqcarsgermany.azureedge.net/img/CarAttachments\\\\1723306776061.15431723306385513.jpg\", \"https://iqcarsgermany.azureedge.net/img/CarAttachments\\\\1723306929666.25761723306385352.jpg\", \"https://iqcarsgermany.azureedge.net/img/CarAttachments\\\\1723306776728.75881723306385651.jpg\", \"https://iqcarsgermany.azureedge.net/img/CarAttachments\\\\1723306776061.15431723306385513.jpg\"]', ' 2.0', '769', 'Gray', 'اوتوماتيك', 4, 6, 16.00, 13.00, 97.00, 'Base', '6 Parts', 'Erbil,Private', 5, 'Fabric', 'مستعمل'),
(268, 58, 'ChevroletTahoe2023', '[\"https://iqcarsgermany.azureedge.net/img/CarAttachments\\\\1723304693426.0457OutputFile_1723304497072_out.jpeg\", \"https://iqcarsgermany.azureedge.net/img/CarAttachments\\\\1723304694731.6956OutputFile_1723304497453_out.jpeg\", \"https://iqcarsgermany.azureedge.net/img/CarAttachments\\\\1723304708705.4026OutputFile_1723304498516_out.jpeg\", \"https://iqcarsgermany.azureedge.net/img/CarAttachments\\\\1723304693426.0457OutputFile_1723304497072_out.jpeg\", \"https://iqcarsgermany.azureedge.net/img/CarAttachments\\\\1723304694731.6956OutputFile_1723304497453_out.jpeg\", \"https://iqcarsgermany.azureedge.net/img/CarAttachments\\\\1723304708705.4026OutputFile_1723304498516_out.jpeg\"]', ' 5.3', '3233', 'Black', 'اوتوماتيك', 6, 5, 78.00, 88.00, 18.00, 'LS', 'No Paint', 'Baghdad,Private', 7, 'Fabric', 'مستعمل'),
(269, 40, 'KiaK32022', '[\"https://iqcarsgermany.azureedge.net/img/CarAttachments\\\\1723306878125.26171723306175076.jpg\", \"https://iqcarsgermany.azureedge.net/img/CarAttachments\\\\1723306888318.13941723306175620.jpg\", \"https://iqcarsgermany.azureedge.net/img/CarAttachments\\\\1723306673692.57131723306176018.JPG\", \"https://iqcarsgermany.azureedge.net/img/CarAttachments\\\\1723306878125.26171723306175076.jpg\", \"https://iqcarsgermany.azureedge.net/img/CarAttachments\\\\1723306888318.13941723306175620.jpg\", \"https://iqcarsgermany.azureedge.net/img/CarAttachments\\\\1723306673692.57131723306176018.JPG\"]', ' 1.5', '2722', 'White', 'عادي', 4, 4, 87.00, 99.00, 47.00, NULL, '1 PartSee Photos', 'Erbil,Private', 5, 'Leather', 'مستعمل'),
(270, 37, 'MitsubishiMontero2022', '[\"https://iqcarsgermany.azureedge.net/img/CarAttachments\\\\1723303972090.8376OutputFile_1723303911137_out.jpeg\", \"https://iqcarsgermany.azureedge.net/img/CarAttachments\\\\1723303970653.958OutputFile_1723303911273_out.jpeg\", \"https://iqcarsgermany.azureedge.net/img/CarAttachments\\\\1723303978345.467OutputFile_1723303911320_out.jpeg\", \"https://iqcarsgermany.azureedge.net/img/CarAttachments\\\\1723303972090.8376OutputFile_1723303911137_out.jpeg\", \"https://iqcarsgermany.azureedge.net/img/CarAttachments\\\\1723303970653.958OutputFile_1723303911273_out.jpeg\", \"https://iqcarsgermany.azureedge.net/img/CarAttachments\\\\1723303978345.467OutputFile_1723303911320_out.jpeg\"]', ' 3.5', '3691', 'White', 'عادي', 6, 6, 19.00, 33.00, 99.00, NULL, 'No Paint', 'Baghdad,Private', 7, 'Leather', 'مستعمل'),
(271, 45, 'JeepGrand Cherokee L2021', '[\"https://iqcarsgermany.azureedge.net/img/CarAttachments\\\\1723306605223.13281723305516074.JPG\", \"https://iqcarsgermany.azureedge.net/img/CarAttachments\\\\1723306832989.54271723305515874.jpg\", \"https://iqcarsgermany.azureedge.net/img/CarAttachments\\\\1723306602791.71481723305515741.jpg\", \"https://iqcarsgermany.azureedge.net/img/CarAttachments\\\\1723306605223.13281723305516074.JPG\", \"https://iqcarsgermany.azureedge.net/img/CarAttachments\\\\1723306832989.54271723305515874.jpg\", \"https://iqcarsgermany.azureedge.net/img/CarAttachments\\\\1723306602791.71481723305515741.jpg\"]', ' 3.6', '4609', 'Black', 'اوتوماتيك', 5, 6, 27.00, 99.00, 42.00, 'Overland', '1 PartSee Photos', 'Sulaymaniyah,Temporary', 7, 'Leather', 'مستعمل'),
(272, 14, 'ToyotaCamry2022', '[\"https://iqcarsgermany.azureedge.net/img/CarAttachments\\\\1723303808033.884OutputFile_1723303764860_out.jpeg\", \"https://iqcarsgermany.azureedge.net/img/CarAttachments\\\\1723303815925.2168OutputFile_1723303765043_out.jpeg\", \"https://iqcarsgermany.azureedge.net/img/CarAttachments\\\\1723303817384.9785OutputFile_1723303765069_out.jpeg\", \"https://iqcarsgermany.azureedge.net/img/CarAttachments\\\\1723303808033.884OutputFile_1723303764860_out.jpeg\", \"https://iqcarsgermany.azureedge.net/img/CarAttachments\\\\1723303815925.2168OutputFile_1723303765043_out.jpeg\", \"https://iqcarsgermany.azureedge.net/img/CarAttachments\\\\1723303817384.9785OutputFile_1723303765069_out.jpeg\"]', ' 3.5', '833', 'Blue', 'عادي', 6, 5, 86.00, 25.00, 38.00, 'TRD', '1 Part', 'Baghdad,Private', 5, 'Leather', 'مستعمل'),
(273, 25, 'ToyotaRAV42022', '[\"https://iqcarsgermany.azureedge.net/img/CarAttachments\\\\1723306583006.5871723306571509.jpg\", \"https://iqcarsgermany.azureedge.net/img/CarAttachments\\\\1723306590411.52441723306573460.jpg\", \"https://iqcarsgermany.azureedge.net/img/CarAttachments\\\\1723306591752.58521723306573845.jpg\", \"https://iqcarsgermany.azureedge.net/img/CarAttachments\\\\1723306583006.5871723306571509.jpg\", \"https://iqcarsgermany.azureedge.net/img/CarAttachments\\\\1723306590411.52441723306573460.jpg\", \"https://iqcarsgermany.azureedge.net/img/CarAttachments\\\\1723306591752.58521723306573845.jpg\"]', ' 2.5', '1039', 'Black', 'اوتوماتيك', 6, 6, 16.00, 46.00, 84.00, 'XLE', '3 Parts', 'Erbil,Temporary', 5, 'Fabric', 'مستعمل'),
(274, 31, 'LexusLX2022', '[\"https://iqcarsgermany.azureedge.net/img/CarAttachments\\\\1723303624807.8972OutputFile_1723303590301_out.jpeg\", \"https://iqcarsgermany.azureedge.net/img/CarAttachments\\\\1723303622047.0137OutputFile_1723303590435_out.jpeg\", \"https://iqcarsgermany.azureedge.net/img/CarAttachments\\\\1723303638773.8271OutputFile_1723303590543_out.jpeg\", \"https://iqcarsgermany.azureedge.net/img/CarAttachments\\\\1723303624807.8972OutputFile_1723303590301_out.jpeg\", \"https://iqcarsgermany.azureedge.net/img/CarAttachments\\\\1723303622047.0137OutputFile_1723303590435_out.jpeg\", \"https://iqcarsgermany.azureedge.net/img/CarAttachments\\\\1723303638773.8271OutputFile_1723303590543_out.jpeg\"]', ' 3.5T', '2477', 'Black', 'اوتوماتيك', 6, 5, 92.00, 16.00, 68.00, '600', 'No Paint', 'Erbil,Private', 4, 'Leather', 'مستعمل'),
(275, 13, 'ToyotaLand Cruiser2019', '[\"https://iqcarsgermany.azureedge.net/img/CarAttachments\\\\1723305986811.812OutputFile_1723305952275_out.jpeg\", \"https://iqcarsgermany.azureedge.net/img/CarAttachments\\\\1723305988808.005OutputFile_1723305952364_out.jpeg\", \"https://iqcarsgermany.azureedge.net/img/CarAttachments\\\\1723305998589.1885OutputFile_1723305957915_out.jpeg\", \"https://iqcarsgermany.azureedge.net/img/CarAttachments\\\\1723305986811.812OutputFile_1723305952275_out.jpeg\", \"https://iqcarsgermany.azureedge.net/img/CarAttachments\\\\1723305988808.005OutputFile_1723305952364_out.jpeg\", \"https://iqcarsgermany.azureedge.net/img/CarAttachments\\\\1723305998589.1885OutputFile_1723305957915_out.jpeg\"]', ' 4.0', '3590', 'White', 'اوتوماتيك', 5, 6, 99.00, 13.00, 29.00, 'GX.R', 'No Paint', 'Baghdad,Private', 7, 'Leather', 'مستعمل'),
(276, 29, 'Mercedes-BenzE-Class2021', '[\"https://iqcarsgermany.azureedge.net/img/CarAttachments\\\\1723303619257.3792OutputFile_1723303567017_out.jpeg\", \"https://iqcarsgermany.azureedge.net/img/CarAttachments\\\\1723303617944.4282OutputFile_1723303567330_out.jpeg\", \"https://iqcarsgermany.azureedge.net/img/CarAttachments\\\\1723303631194.1736OutputFile_1723303567266_out.jpeg\", \"https://iqcarsgermany.azureedge.net/img/CarAttachments\\\\1723303619257.3792OutputFile_1723303567017_out.jpeg\", \"https://iqcarsgermany.azureedge.net/img/CarAttachments\\\\1723303617944.4282OutputFile_1723303567330_out.jpeg\", \"https://iqcarsgermany.azureedge.net/img/CarAttachments\\\\1723303631194.1736OutputFile_1723303567266_out.jpeg\"]', ' 2.5', '4839', 'White', 'عادي', 6, 6, 97.00, 28.00, 19.00, 'E200', 'No Paint', 'Baghdad,Private', 5, 'Leather', 'مستعمل'),
(277, 8, 'NissanKicks2023', '[\"https://iqcarsgermany.azureedge.net/img/CarAttachments\\\\1723305775146.7827OutputFile_1723305759727_out.jpeg\", \"https://iqcarsgermany.azureedge.net/img/CarAttachments\\\\1723305776653.8303OutputFile_1723305759774_out.jpeg\", \"https://iqcarsgermany.azureedge.net/img/CarAttachments\\\\1723305790892.9727OutputFile_1723305759872_out.jpeg\", \"https://iqcarsgermany.azureedge.net/img/CarAttachments\\\\1723305775146.7827OutputFile_1723305759727_out.jpeg\", \"https://iqcarsgermany.azureedge.net/img/CarAttachments\\\\1723305776653.8303OutputFile_1723305759774_out.jpeg\", \"https://iqcarsgermany.azureedge.net/img/CarAttachments\\\\1723305790892.9727OutputFile_1723305759872_out.jpeg\"]', ' 1.6', '2288', 'Black', 'عادي', 6, 4, 91.00, 29.00, 42.00, 'S', 'No Paint', 'Erbil,Temporary', 5, 'Fabric', 'مستعمل'),
(278, 2, 'Land RoverRange Rover Vogue2024', '[\"https://iqcarsgermany.azureedge.net/img/CarAttachments\\\\1723303373364.157OutputFile_1723303357484_out.jpeg\", \"https://iqcarsgermany.azureedge.net/img/CarAttachments\\\\1723303374673.073OutputFile_1723303357574_out.jpeg\", \"https://iqcarsgermany.azureedge.net/img/CarAttachments\\\\1723303384785.7673OutputFile_1723303357687_out.jpeg\", \"https://iqcarsgermany.azureedge.net/img/CarAttachments\\\\1723303373364.157OutputFile_1723303357484_out.jpeg\", \"https://iqcarsgermany.azureedge.net/img/CarAttachments\\\\1723303374673.073OutputFile_1723303357574_out.jpeg\", \"https://iqcarsgermany.azureedge.net/img/CarAttachments\\\\1723303384785.7673OutputFile_1723303357687_out.jpeg\"]', ' 5.0', '2162', 'Black', 'عادي', 5, 4, 22.00, 67.00, 81.00, 'Autobiography', 'No Paint', 'Erbil,Temporary', 5, 'Leather', 'مستعمل'),
(279, 58, 'ToyotaRAV42022', '[\"https://iqcarsgermany.azureedge.net/img/CarAttachments\\\\1723305717347.6948OutputFile_1723305699285_out.jpeg\", \"https://iqcarsgermany.azureedge.net/img/CarAttachments\\\\1723305723131.8179OutputFile_1723305699347_out.jpeg\", \"https://iqcarsgermany.azureedge.net/img/CarAttachments\\\\1723305731303.2979OutputFile_1723305699428_out.jpeg\", \"https://iqcarsgermany.azureedge.net/img/CarAttachments\\\\1723305717347.6948OutputFile_1723305699285_out.jpeg\", \"https://iqcarsgermany.azureedge.net/img/CarAttachments\\\\1723305723131.8179OutputFile_1723305699347_out.jpeg\", \"https://iqcarsgermany.azureedge.net/img/CarAttachments\\\\1723305731303.2979OutputFile_1723305699428_out.jpeg\"]', ' 2.5', '3727', 'White', 'اوتوماتيك', 5, 5, 12.00, 76.00, 67.00, 'XLE', '3 Parts', 'Duhok,Private', 5, 'Leather', 'مستعمل'),
(280, 3, 'Land RoverDefender2023', '[\"https://iqcarsgermany.azureedge.net/img/CarAttachments\\\\1723303139440.247OutputFile_1723303059933_out.jpeg\", \"https://iqcarsgermany.azureedge.net/img/CarAttachments\\\\1723303140724.0596OutputFile_1723303059839_out.jpeg\", \"https://iqcarsgermany.azureedge.net/img/CarAttachments\\\\1723303149803.28OutputFile_1723303060081_out.jpeg\", \"https://iqcarsgermany.azureedge.net/img/CarAttachments\\\\1723303139440.247OutputFile_1723303059933_out.jpeg\", \"https://iqcarsgermany.azureedge.net/img/CarAttachments\\\\1723303140724.0596OutputFile_1723303059839_out.jpeg\", \"https://iqcarsgermany.azureedge.net/img/CarAttachments\\\\1723303149803.28OutputFile_1723303060081_out.jpeg\"]', ' 3.0T', '1010', 'White', 'عادي', 4, 5, 97.00, 96.00, 90.00, 'X-Dynamic', 'No Paint', 'Erbil,Private', 5, 'Leather', 'مستعمل'),
(281, 12, 'KiaK52022', '[\"https://iqcarsgermany.azureedge.net/img/CarAttachments\\\\1723305584722.7957OutputFile_1723305563414_out.jpeg\", \"https://iqcarsgermany.azureedge.net/img/CarAttachments\\\\1723305586278.337OutputFile_1723305563431_out.jpeg\", \"https://iqcarsgermany.azureedge.net/img/CarAttachments\\\\1723305599320.6475OutputFile_1723305563546_out.jpeg\", \"https://iqcarsgermany.azureedge.net/img/CarAttachments\\\\1723305584722.7957OutputFile_1723305563414_out.jpeg\", \"https://iqcarsgermany.azureedge.net/img/CarAttachments\\\\1723305586278.337OutputFile_1723305563431_out.jpeg\", \"https://iqcarsgermany.azureedge.net/img/CarAttachments\\\\1723305599320.6475OutputFile_1723305563546_out.jpeg\"]', ' 1.6T', '4567', 'Black', 'عادي', 4, 6, 62.00, 32.00, 53.00, 'GT-Line', '2 Parts', 'Erbil,Private', 5, 'Mix', 'مستعمل'),
(282, 48, 'KiaSorento2023', '[\"https://iqcarsgermany.azureedge.net/img/CarAttachments\\\\1723302929000.9795OutputFile_1723302876286_out.jpeg\", \"https://iqcarsgermany.azureedge.net/img/CarAttachments\\\\1723302934554.778OutputFile_1723302876367_out.jpeg\", \"https://iqcarsgermany.azureedge.net/img/CarAttachments\\\\1723302940342.3232OutputFile_1723302876535_out.jpeg\", \"https://iqcarsgermany.azureedge.net/img/CarAttachments\\\\1723302929000.9795OutputFile_1723302876286_out.jpeg\", \"https://iqcarsgermany.azureedge.net/img/CarAttachments\\\\1723302934554.778OutputFile_1723302876367_out.jpeg\", \"https://iqcarsgermany.azureedge.net/img/CarAttachments\\\\1723302940342.3232OutputFile_1723302876535_out.jpeg\"]', ' 3.5', '3210', 'White', 'اوتوماتيك', 6, 6, 71.00, 95.00, 71.00, NULL, 'No Paint', 'Erbil,Private', 7, 'Leather', 'مستعمل'),
(283, 44, 'FordExplorer2022', '[\"https://iqcarsgermany.azureedge.net/img/CarAttachments\\\\1723302941714.1587image_picker_0A10830C-4B78-471B-984E-42B2A55640CA-1914-00000190F191CA53.jpg\", \"https://iqcarsgermany.azureedge.net/img/CarAttachments\\\\1723302950859.5393image_picker_DA1B50AE-03A9-4D75-85B9-2A156FF1630C-1914-0000019190348867.jpg\", \"https://iqcarsgermany.azureedge.net/img/CarAttachments\\\\1723302656647.3923image_picker_BDD5455B-7140-4DED-B194-82B845D60D16-1914-00000191DC6C385F.jpg\", \"https://iqcarsgermany.azureedge.net/img/CarAttachments\\\\1723302941714.1587image_picker_0A10830C-4B78-471B-984E-42B2A55640CA-1914-00000190F191CA53.jpg\", \"https://iqcarsgermany.azureedge.net/img/CarAttachments\\\\1723302950859.5393image_picker_DA1B50AE-03A9-4D75-85B9-2A156FF1630C-1914-0000019190348867.jpg\", \"https://iqcarsgermany.azureedge.net/img/CarAttachments\\\\1723302656647.3923image_picker_BDD5455B-7140-4DED-B194-82B845D60D16-1914-00000191DC6C385F.jpg\"]', ' 2.3T', '2130', 'Gray', 'عادي', 6, 5, 62.00, 86.00, 57.00, 'ST-Line', '1 Part', 'Erbil,Temporary', 7, 'Mix', 'مستعمل'),
(284, 38, 'NissanSunny2016', '[\"https://iqcarsgermany.azureedge.net/img/CarAttachments\\\\1723305434950.426OutputFile_1723305419511_out.jpeg\", \"https://iqcarsgermany.azureedge.net/img/CarAttachments\\\\1723305436594.7925OutputFile_1723305419551_out.jpeg\", \"https://iqcarsgermany.azureedge.net/img/CarAttachments\\\\1723305446382.0945OutputFile_1723305419638_out.jpeg\", \"https://iqcarsgermany.azureedge.net/img/CarAttachments\\\\1723305434950.426OutputFile_1723305419511_out.jpeg\", \"https://iqcarsgermany.azureedge.net/img/CarAttachments\\\\1723305436594.7925OutputFile_1723305419551_out.jpeg\", \"https://iqcarsgermany.azureedge.net/img/CarAttachments\\\\1723305446382.0945OutputFile_1723305419638_out.jpeg\"]', ' 1.5', '799', 'White', 'عادي', 4, 6, 19.00, 91.00, 28.00, NULL, '1 Part', 'Erbil,Private', 5, 'Fabric', 'مستعمل'),
(285, 13, 'NissanPathfinder2023', '[\"https://iqcarsgermany.azureedge.net/img/CarAttachments\\\\1723302524790.94image_picker_DD04DC7F-7BB1-4827-B04F-A3F1CEDA3AC7-1914-0000018EF8495F19.jpg\", \"https://iqcarsgermany.azureedge.net/img/CarAttachments\\\\1723302532975.931image_picker_4FD1553B-6460-43B7-A407-A97A4163E2AD-1914-0000018F72869644.jpg\", \"https://iqcarsgermany.azureedge.net/img/CarAttachments\\\\1723302274800.708image_picker_0F3109DA-2A63-4B60-B81E-CFC9A94502C7-1914-0000018FC13F7E29.jpg\", \"https://iqcarsgermany.azureedge.net/img/CarAttachments\\\\1723302524790.94image_picker_DD04DC7F-7BB1-4827-B04F-A3F1CEDA3AC7-1914-0000018EF8495F19.jpg\", \"https://iqcarsgermany.azureedge.net/img/CarAttachments\\\\1723302532975.931image_picker_4FD1553B-6460-43B7-A407-A97A4163E2AD-1914-0000018F72869644.jpg\", \"https://iqcarsgermany.azureedge.net/img/CarAttachments\\\\1723302274800.708image_picker_0F3109DA-2A63-4B60-B81E-CFC9A94502C7-1914-0000018FC13F7E29.jpg\"]', ' 3.5', '2845', 'White', 'عادي', 6, 4, 38.00, 97.00, 90.00, 'Rock Creek', '2 Parts', 'Erbil,Temporary', 7, 'Leather', 'مستعمل'),
(286, 53, 'ToyotaCamry2022', '[\"https://iqcarsgermany.azureedge.net/img/CarAttachments\\\\1723304941580.10521723304934447.jpg\", \"https://iqcarsgermany.azureedge.net/img/CarAttachments\\\\1723304944868.24121723304935082.jpg\", \"https://iqcarsgermany.azureedge.net/img/CarAttachments\\\\1723304951204.85081723304936228.jpg\", \"https://iqcarsgermany.azureedge.net/img/CarAttachments\\\\1723304941580.10521723304934447.jpg\", \"https://iqcarsgermany.azureedge.net/img/CarAttachments\\\\1723304944868.24121723304935082.jpg\", \"https://iqcarsgermany.azureedge.net/img/CarAttachments\\\\1723304951204.85081723304936228.jpg\"]', ' 2.5', '693', 'Gray', 'اوتوماتيك', 6, 4, 60.00, 23.00, 12.00, 'SE+', '2 Parts', 'Erbil,Temporary', 5, 'Leather', 'مستعمل'),
(287, 7, 'KiaForte2022', '[\"https://iqcarsgermany.azureedge.net/img/CarAttachments\\\\1723304737832.49OutputFile_1723304721107_out.jpeg\", \"https://iqcarsgermany.azureedge.net/img/CarAttachments\\\\1723304739301.9097OutputFile_1723304721184_out.jpeg\", \"https://iqcarsgermany.azureedge.net/img/CarAttachments\\\\1723304752324.6748OutputFile_1723304721272_out.jpeg\", \"https://iqcarsgermany.azureedge.net/img/CarAttachments\\\\1723304737832.49OutputFile_1723304721107_out.jpeg\", \"https://iqcarsgermany.azureedge.net/img/CarAttachments\\\\1723304739301.9097OutputFile_1723304721184_out.jpeg\", \"https://iqcarsgermany.azureedge.net/img/CarAttachments\\\\1723304752324.6748OutputFile_1723304721272_out.jpeg\"]', ' 2.0', '5625', 'Black', 'عادي', 6, 6, 74.00, 54.00, 37.00, NULL, '1 Part', 'Erbil,Temporary', 5, 'Fabric', 'مستعمل'),
(288, 12, 'KiaOptima2013', '[\"https://iqcarsgermany.azureedge.net/img/CarAttachments\\\\1723305126589.58941000011813_out.jpg\", \"https://iqcarsgermany.azureedge.net/img/CarAttachments\\\\1723305141133.81761000011815_out.jpg\", \"https://iqcarsgermany.azureedge.net/img/CarAttachments\\\\1723304665114.33841000011812_out.jpg\", \"https://iqcarsgermany.azureedge.net/img/CarAttachments\\\\1723305126589.58941000011813_out.jpg\", \"https://iqcarsgermany.azureedge.net/img/CarAttachments\\\\1723305141133.81761000011815_out.jpg\", \"https://iqcarsgermany.azureedge.net/img/CarAttachments\\\\1723304665114.33841000011812_out.jpg\"]', ' 2.4', '3991', 'Black', 'اوتوماتيك', 4, 6, 15.00, 46.00, 82.00, 'EX', '1 Part', 'Baghdad,Private', 5, 'Leather', 'مستعمل'),
(289, 56, 'NissanSentra2022', '[\"https://iqcarsgermany.azureedge.net/img/CarAttachments\\\\1723304368302.6553OutputFile_1723304346983_out.jpeg\", \"https://iqcarsgermany.azureedge.net/img/CarAttachments\\\\1723304369780.195OutputFile_1723304347033_out.jpeg\", \"https://iqcarsgermany.azureedge.net/img/CarAttachments\\\\1723304381294.891OutputFile_1723304347119_out.jpeg\", \"https://iqcarsgermany.azureedge.net/img/CarAttachments\\\\1723304368302.6553OutputFile_1723304346983_out.jpeg\", \"https://iqcarsgermany.azureedge.net/img/CarAttachments\\\\1723304369780.195OutputFile_1723304347033_out.jpeg\", \"https://iqcarsgermany.azureedge.net/img/CarAttachments\\\\1723304381294.891OutputFile_1723304347119_out.jpeg\"]', ' 2.0', '2863', 'White', 'عادي', 5, 4, 85.00, 80.00, 44.00, 'S', '2 Parts', 'Erbil,Temporary', 5, 'Fabric', 'مستعمل'),
(290, 26, 'Chrysler3002019', '[\"https://iqcarsgermany.azureedge.net/img/CarAttachments\\\\1723304213236.2893OutputFile_1723304191733_out.jpeg\", \"https://iqcarsgermany.azureedge.net/img/CarAttachments\\\\1723304214489.1587OutputFile_1723304191753_out.jpeg\", \"https://iqcarsgermany.azureedge.net/img/CarAttachments\\\\1723304227757.3867OutputFile_1723304191880_out.jpeg\", \"https://iqcarsgermany.azureedge.net/img/CarAttachments\\\\1723304213236.2893OutputFile_1723304191733_out.jpeg\", \"https://iqcarsgermany.azureedge.net/img/CarAttachments\\\\1723304214489.1587OutputFile_1723304191753_out.jpeg\", \"https://iqcarsgermany.azureedge.net/img/CarAttachments\\\\1723304227757.3867OutputFile_1723304191880_out.jpeg\"]', ' 3.6', '2122', 'Black', 'عادي', 4, 6, 61.00, 74.00, 89.00, 'S', 'Clean Title', 'Erbil,Private', 5, 'Leather', 'مستعمل'),
(291, 19, 'HyundaiSanta Fe2017', '[\"https://iqcarsgermany.azureedge.net/img/CarAttachments\\\\1723304127077.8716OutputFile_1723304109936_out.jpeg\", \"https://iqcarsgermany.azureedge.net/img/CarAttachments\\\\1723304128613.4526OutputFile_1723304109959_out.jpeg\", \"https://iqcarsgermany.azureedge.net/img/CarAttachments\\\\1723304143317.1155OutputFile_1723304110115_out.jpeg\", \"https://iqcarsgermany.azureedge.net/img/CarAttachments\\\\1723304127077.8716OutputFile_1723304109936_out.jpeg\", \"https://iqcarsgermany.azureedge.net/img/CarAttachments\\\\1723304128613.4526OutputFile_1723304109959_out.jpeg\", \"https://iqcarsgermany.azureedge.net/img/CarAttachments\\\\1723304143317.1155OutputFile_1723304110115_out.jpeg\"]', ' 2.5', '1799', 'Black', 'اوتوماتيك', 5, 4, 33.00, 66.00, 43.00, NULL, '1 Part', 'Sulaymaniyah,Private', 5, 'Leather', 'مستعمل'),
(292, 20, 'NissanAltima2021', '[\"https://iqcarsgermany.azureedge.net/img/CarAttachments\\\\1723303998605.3223OutputFile_1723303980545_out.jpeg\", \"https://iqcarsgermany.azureedge.net/img/CarAttachments\\\\1723304001188.175OutputFile_1723303980640_out.jpeg\", \"https://iqcarsgermany.azureedge.net/img/CarAttachments\\\\1723304016472.8914OutputFile_1723303980765_out.jpeg\", \"https://iqcarsgermany.azureedge.net/img/CarAttachments\\\\1723303998605.3223OutputFile_1723303980545_out.jpeg\", \"https://iqcarsgermany.azureedge.net/img/CarAttachments\\\\1723304001188.175OutputFile_1723303980640_out.jpeg\", \"https://iqcarsgermany.azureedge.net/img/CarAttachments\\\\1723304016472.8914OutputFile_1723303980765_out.jpeg\"]', ' 2.5', '2410', 'Black', 'اوتوماتيك', 6, 6, 96.00, 72.00, 64.00, 'SL', 'No Paint', 'Erbil,Private', 5, 'Leather', 'مستعمل'),
(293, 40, 'NissanRogue2021', '[\"https://iqcarsgermany.azureedge.net/img/CarAttachments\\\\1723303938676.6047OutputFile_1723303919348_out.jpeg\", \"https://iqcarsgermany.azureedge.net/img/CarAttachments\\\\1723303940387.3572OutputFile_1723303919422_out.jpeg\", \"https://iqcarsgermany.azureedge.net/img/CarAttachments\\\\1723303954882.3804OutputFile_1723303919534_out.jpeg\", \"https://iqcarsgermany.azureedge.net/img/CarAttachments\\\\1723303938676.6047OutputFile_1723303919348_out.jpeg\", \"https://iqcarsgermany.azureedge.net/img/CarAttachments\\\\1723303940387.3572OutputFile_1723303919422_out.jpeg\", \"https://iqcarsgermany.azureedge.net/img/CarAttachments\\\\1723303954882.3804OutputFile_1723303919534_out.jpeg\"]', ' 2.5', '974', 'Maroon', 'عادي', 6, 5, 95.00, 91.00, 73.00, 'SV', 'No Paint', 'Duhok,Private', 5, 'Fabric', 'مستعمل'),
(294, 27, 'FordF-1502022', '[\"https://iqcarsgermany.azureedge.net/img/CarAttachments\\\\1723303151786.1761723303144619.jpg\", \"https://iqcarsgermany.azureedge.net/img/CarAttachments\\\\1723303156158.0751723303145326.jpg\", \"https://iqcarsgermany.azureedge.net/img/CarAttachments\\\\1723303162830.61671723303148118.jpg\", \"https://iqcarsgermany.azureedge.net/img/CarAttachments\\\\1723303151786.1761723303144619.jpg\", \"https://iqcarsgermany.azureedge.net/img/CarAttachments\\\\1723303156158.0751723303145326.jpg\", \"https://iqcarsgermany.azureedge.net/img/CarAttachments\\\\1723303162830.61671723303148118.jpg\"]', ' 2.7', '2881', 'Black', 'عادي', 4, 5, 80.00, 84.00, 78.00, 'XLT', 'No Paint', 'Erbil,Temporary', 5, 'Leather', 'مستعمل'),
(295, 27, 'CadillacEscalade2022', '[\"https://iqcarsgermany.azureedge.net/img/CarAttachments\\\\1723303042886.5261723303031437.jpg\", \"https://iqcarsgermany.azureedge.net/img/CarAttachments\\\\1723303963601.77931723303031587.jpg\", \"https://iqcarsgermany.azureedge.net/img/CarAttachments\\\\1723303058679.82841723303033736.jpg\", \"https://iqcarsgermany.azureedge.net/img/CarAttachments\\\\1723303042886.5261723303031437.jpg\", \"https://iqcarsgermany.azureedge.net/img/CarAttachments\\\\1723303963601.77931723303031587.jpg\", \"https://iqcarsgermany.azureedge.net/img/CarAttachments\\\\1723303058679.82841723303033736.jpg\"]', ' 6.2', '346', 'Black', 'عادي', 5, 5, 38.00, 37.00, 62.00, '600', 'Clean Title', 'Erbil,Private', 7, 'Leather', 'مستعمل'),
(296, 48, 'ToyotaCorolla2023', '[\"https://iqcarsgermany.azureedge.net/img/CarAttachments\\\\1723301202915.82321723301174895.jpg\", \"https://iqcarsgermany.azureedge.net/img/CarAttachments\\\\1723301204249.0491723301175731.jpg\", \"https://iqcarsgermany.azureedge.net/img/CarAttachments\\\\1723301211515.67971723301177702.jpg\", \"https://iqcarsgermany.azureedge.net/img/CarAttachments\\\\1723301202915.82321723301174895.jpg\", \"https://iqcarsgermany.azureedge.net/img/CarAttachments\\\\1723301204249.0491723301175731.jpg\", \"https://iqcarsgermany.azureedge.net/img/CarAttachments\\\\1723301211515.67971723301177702.jpg\"]', ' 1.8', '3787', 'Black', 'عادي', 4, 5, 10.00, 35.00, 46.00, NULL, 'No Paint', 'Erbil,Temporary', 5, 'Leather', 'جديد'),
(297, 3, 'FordExplorer2021', '[\"https://iqcarsgermany.azureedge.net/img/CarAttachments\\\\1723302005140.55471723247038223.JPG\", \"https://iqcarsgermany.azureedge.net/img/CarAttachments\\\\1723302006185.94851723247038258.JPG\", \"https://iqcarsgermany.azureedge.net/img/CarAttachments\\\\1723314029579.1992IMG-20240810-WA0040.jpg\", \"https://iqcarsgermany.azureedge.net/img/CarAttachments\\\\1723302005140.55471723247038223.JPG\", \"https://iqcarsgermany.azureedge.net/img/CarAttachments\\\\1723302006185.94851723247038258.JPG\", \"https://iqcarsgermany.azureedge.net/img/CarAttachments\\\\1723314029579.1992IMG-20240810-WA0040.jpg\"]', ' 3.0T', '1298', 'Red', 'اوتوماتيك', 5, 6, 24.00, 63.00, 53.00, 'ST', '3 PartsSee Photos', 'Erbil,Private', 7, 'Leather', 'مستعمل'),
(298, 21, 'MitsubishiPajero Sport2020', '[\"https://iqcarsgermany.azureedge.net/img/CarAttachments\\\\1723302293915.19171722364318174.JPG\", \"https://iqcarsgermany.azureedge.net/img/CarAttachments\\\\1723302301063.2071722364318203.JPG\", \"https://iqcarsgermany.azureedge.net/img/CarAttachments\\\\1723301971172.0913IMG-20240807-WA0018.jpg\", \"https://iqcarsgermany.azureedge.net/img/CarAttachments\\\\1723302293915.19171722364318174.JPG\", \"https://iqcarsgermany.azureedge.net/img/CarAttachments\\\\1723302301063.2071722364318203.JPG\", \"https://iqcarsgermany.azureedge.net/img/CarAttachments\\\\1723301971172.0913IMG-20240807-WA0018.jpg\"]', ' 3.5', '368', 'White', 'اوتوماتيك', 6, 4, 67.00, 75.00, 74.00, NULL, 'Clean Title', 'Baghdad,Private', 7, 'Leather', 'مستعمل'),
(299, 41, 'ToyotaHilux2024', '[\"https://iqcarsgermany.azureedge.net/img/CarAttachments\\\\1723301179938.00511723301152344.jpg\", \"https://iqcarsgermany.azureedge.net/img/CarAttachments\\\\1723301186399.35281723301153328.jpg\", \"https://iqcarsgermany.azureedge.net/img/CarAttachments\\\\1723301185559.76171723301153181.jpg\", \"https://iqcarsgermany.azureedge.net/img/CarAttachments\\\\1723301179938.00511723301152344.jpg\", \"https://iqcarsgermany.azureedge.net/img/CarAttachments\\\\1723301186399.35281723301153328.jpg\", \"https://iqcarsgermany.azureedge.net/img/CarAttachments\\\\1723301185559.76171723301153181.jpg\"]', ' 4.0', '3188', 'White', 'عادي', 6, 4, 46.00, 89.00, 28.00, 'GR Sport', NULL, 'Erbil,Temporary', 5, 'Mix', 'جديد'),
(300, 52, 'ToyotaHighlander2018', '[\"https://iqcarsgermany.azureedge.net/img/CarAttachments\\\\1723301793134.51561723301771931.jpg\", \"https://iqcarsgermany.azureedge.net/img/CarAttachments\\\\1723301795954.67921723301772061.jpg\", \"https://iqcarsgermany.azureedge.net/img/CarAttachments\\\\1723301798651.45211723301772539.jpg\", \"https://iqcarsgermany.azureedge.net/img/CarAttachments\\\\1723301793134.51561723301771931.jpg\", \"https://iqcarsgermany.azureedge.net/img/CarAttachments\\\\1723301795954.67921723301772061.jpg\", \"https://iqcarsgermany.azureedge.net/img/CarAttachments\\\\1723301798651.45211723301772539.jpg\"]', ' 3.5', '3697', 'Black', 'عادي', 5, 6, 44.00, 36.00, 40.00, 'XLE', '2 Parts', 'Duhok,Private', 7, 'Leather', 'مستعمل'),
(301, 51, 'ToyotaCamry2023', '[\"https://iqcarsgermany.azureedge.net/img/CarAttachments\\\\1723301653154.934OutputFile_1723301634720_out.jpeg\", \"https://iqcarsgermany.azureedge.net/img/CarAttachments\\\\1723301657737.4785OutputFile_1723301634739_out.jpeg\", \"https://iqcarsgermany.azureedge.net/img/CarAttachments\\\\1723301666081.1973OutputFile_1723301634853_out.jpeg\", \"https://iqcarsgermany.azureedge.net/img/CarAttachments\\\\1723301653154.934OutputFile_1723301634720_out.jpeg\", \"https://iqcarsgermany.azureedge.net/img/CarAttachments\\\\1723301657737.4785OutputFile_1723301634739_out.jpeg\", \"https://iqcarsgermany.azureedge.net/img/CarAttachments\\\\1723301666081.1973OutputFile_1723301634853_out.jpeg\"]', ' 2.5', '3245', 'White', 'عادي', 6, 5, 80.00, 93.00, 33.00, 'LE', 'No Paint', 'Erbil,Private', 5, 'Fabric', 'مستعمل'),
(302, 53, 'ToyotaCH-R2022', '[\"https://iqcarsgermany.azureedge.net/img/CarAttachments\\\\1723301074218.2651723300976686.jpg\", \"https://iqcarsgermany.azureedge.net/img/CarAttachments\\\\1723301075882.49151723300977393.jpg\", \"https://iqcarsgermany.azureedge.net/img/CarAttachments\\\\1723301083302.66851723300979160.jpg\", \"https://iqcarsgermany.azureedge.net/img/CarAttachments\\\\1723301074218.2651723300976686.jpg\", \"https://iqcarsgermany.azureedge.net/img/CarAttachments\\\\1723301075882.49151723300977393.jpg\", \"https://iqcarsgermany.azureedge.net/img/CarAttachments\\\\1723301083302.66851723300979160.jpg\"]', ' 1.8', '4911', 'White', 'اوتوماتيك', 5, 4, 58.00, 91.00, 94.00, NULL, 'No Paint', 'Erbil,Temporary', 5, 'Leather', 'جديد'),
(303, 9, 'ChanganCS852022', '[\"https://iqcarsgermany.azureedge.net/img/CarAttachments\\\\1723301632369.16921723300259267.jpg\", \"https://iqcarsgermany.azureedge.net/img/CarAttachments\\\\1723301632949.1721723300259737.jpg\", \"https://iqcarsgermany.azureedge.net/img/CarAttachments\\\\1723301633891.6831723300260311.jpg\", \"https://iqcarsgermany.azureedge.net/img/CarAttachments\\\\1723301632369.16921723300259267.jpg\", \"https://iqcarsgermany.azureedge.net/img/CarAttachments\\\\1723301632949.1721723300259737.jpg\", \"https://iqcarsgermany.azureedge.net/img/CarAttachments\\\\1723301633891.6831723300260311.jpg\"]', ' 2.0T', '3685', 'White', 'عادي', 6, 6, 94.00, 90.00, 67.00, NULL, 'Clean Title', 'Baghdad,Private', 5, 'Leather', 'مستعمل'),
(304, 36, 'JeepGrand Cherokee L2021', '[\"https://iqcarsgermany.azureedge.net/img/CarAttachments\\\\1723301624060.20851723301613201.jpg\", \"https://iqcarsgermany.azureedge.net/img/CarAttachments\\\\1723301627815.02831723301613335.jpg\", \"https://iqcarsgermany.azureedge.net/img/CarAttachments\\\\1723301633996.3061723301613856.jpg\", \"https://iqcarsgermany.azureedge.net/img/CarAttachments\\\\1723301624060.20851723301613201.jpg\", \"https://iqcarsgermany.azureedge.net/img/CarAttachments\\\\1723301627815.02831723301613335.jpg\", \"https://iqcarsgermany.azureedge.net/img/CarAttachments\\\\1723301633996.3061723301613856.jpg\"]', ' 3.6', '3471', 'White', 'اوتوماتيك', 4, 4, 57.00, 74.00, 99.00, 'Limited', 'No Paint', 'Duhok,Private', 7, 'Leather', 'مستعمل'),
(305, 24, 'MitsubishiXpander2024', '[\"https://iqcarsgermany.azureedge.net/img/CarAttachments\\\\1723300857079.34131723300819450.jpg\", \"https://iqcarsgermany.azureedge.net/img/CarAttachments\\\\1723300858669.46261723300819900.jpg\", \"https://iqcarsgermany.azureedge.net/img/CarAttachments\\\\1723300865488.38231723300821586.jpg\", \"https://iqcarsgermany.azureedge.net/img/CarAttachments\\\\1723300857079.34131723300819450.jpg\", \"https://iqcarsgermany.azureedge.net/img/CarAttachments\\\\1723300858669.46261723300819900.jpg\", \"https://iqcarsgermany.azureedge.net/img/CarAttachments\\\\1723300865488.38231723300821586.jpg\"]', ' 1.5', '624', 'White', 'اوتوماتيك', 5, 5, 83.00, 19.00, 17.00, NULL, 'No Paint', 'Erbil,Temporary', 7, 'Fabric', 'جديد'),
(306, 51, 'KiaForte2017', '[\"https://iqcarsgermany.azureedge.net/img/CarAttachments\\\\1723301583234.8113OutputFile_1723301567549_out.jpeg\", \"https://iqcarsgermany.azureedge.net/img/CarAttachments\\\\1723301585192.5393OutputFile_1723301567616_out.jpeg\", \"https://iqcarsgermany.azureedge.net/img/CarAttachments\\\\1723301594085.1758OutputFile_1723301567736_out.jpeg\", \"https://iqcarsgermany.azureedge.net/img/CarAttachments\\\\1723301583234.8113OutputFile_1723301567549_out.jpeg\", \"https://iqcarsgermany.azureedge.net/img/CarAttachments\\\\1723301585192.5393OutputFile_1723301567616_out.jpeg\", \"https://iqcarsgermany.azureedge.net/img/CarAttachments\\\\1723301594085.1758OutputFile_1723301567736_out.jpeg\"]', ' 2.0', '3404', 'Black', 'اوتوماتيك', 4, 5, 20.00, 37.00, 25.00, NULL, 'No Paint', 'Sulaymaniyah,Private', 5, 'Fabric', 'مستعمل'),
(307, 32, 'NissanSentra2019', '[\"https://iqcarsgermany.azureedge.net/img/CarAttachments\\\\1723301498911.9453OutputFile_1723301476659_out.jpeg\", \"https://iqcarsgermany.azureedge.net/img/CarAttachments\\\\1723301503423.5227OutputFile_1723301476736_out.jpeg\", \"https://iqcarsgermany.azureedge.net/img/CarAttachments\\\\1723301510790.1675OutputFile_1723301476850_out.jpeg\", \"https://iqcarsgermany.azureedge.net/img/CarAttachments\\\\1723301498911.9453OutputFile_1723301476659_out.jpeg\", \"https://iqcarsgermany.azureedge.net/img/CarAttachments\\\\1723301503423.5227OutputFile_1723301476736_out.jpeg\", \"https://iqcarsgermany.azureedge.net/img/CarAttachments\\\\1723301510790.1675OutputFile_1723301476850_out.jpeg\"]', ' 1.6', '4012', 'White', 'اوتوماتيك', 5, 5, 94.00, 25.00, 14.00, NULL, 'No Paint', 'Erbil,Private', 5, 'Fabric', 'مستعمل'),
(308, 13, 'HavalJolion2024', '[\"https://iqcarsgermany.azureedge.net/img/CarAttachments\\\\1723301440284.9255OutputFile_1723300667932_out.jpeg\", \"https://iqcarsgermany.azureedge.net/img/CarAttachments\\\\1723301453633.9438OutputFile_1723300668059_out.jpeg\", \"https://iqcarsgermany.azureedge.net/img/CarAttachments\\\\1723300709936.8572OutputFile_1723300668117_out.jpeg\", \"https://iqcarsgermany.azureedge.net/img/CarAttachments\\\\1723301440284.9255OutputFile_1723300667932_out.jpeg\", \"https://iqcarsgermany.azureedge.net/img/CarAttachments\\\\1723301453633.9438OutputFile_1723300668059_out.jpeg\", \"https://iqcarsgermany.azureedge.net/img/CarAttachments\\\\1723300709936.8572OutputFile_1723300668117_out.jpeg\"]', ' 1.5', '4167', 'White', 'اوتوماتيك', 4, 4, 75.00, 54.00, 37.00, 'Ultra', 'No Paint', 'Sulaymaniyah,Private', 5, 'Fabric', 'مستعمل'),
(309, 47, 'GMCYukon2021', '[\"https://iqcarsgermany.azureedge.net/img/CarAttachments\\\\1723301488458.24051723301481650.jpg\", \"https://iqcarsgermany.azureedge.net/img/CarAttachments\\\\1723301491384.98881723301482554.jpg\", \"https://iqcarsgermany.azureedge.net/img/CarAttachments\\\\1723301497875.72051723301484079.jpg\", \"https://iqcarsgermany.azureedge.net/img/CarAttachments\\\\1723301488458.24051723301481650.jpg\", \"https://iqcarsgermany.azureedge.net/img/CarAttachments\\\\1723301491384.98881723301482554.jpg\", \"https://iqcarsgermany.azureedge.net/img/CarAttachments\\\\1723301497875.72051723301484079.jpg\"]', ' 6.2', '3122', 'Black', 'عادي', 6, 6, 14.00, 40.00, 58.00, 'AT4', 'No Paint', 'Duhok,Private', 7, 'Leather', 'مستعمل'),
(310, 53, 'JeepGrand Cherokee2021', '[\"https://iqcarsgermany.azureedge.net/img/CarAttachments\\\\1723301165259.4211723301154790.jpg\", \"https://iqcarsgermany.azureedge.net/img/CarAttachments\\\\1723301169274.29741723301155359.jpg\", \"https://iqcarsgermany.azureedge.net/img/CarAttachments\\\\1723301173568.11351723301156575.jpg\", \"https://iqcarsgermany.azureedge.net/img/CarAttachments\\\\1723301165259.4211723301154790.jpg\", \"https://iqcarsgermany.azureedge.net/img/CarAttachments\\\\1723301169274.29741723301155359.jpg\", \"https://iqcarsgermany.azureedge.net/img/CarAttachments\\\\1723301173568.11351723301156575.jpg\"]', ' 3.6', '2890', 'Black', 'اوتوماتيك', 4, 5, 70.00, 77.00, 76.00, 'Overland', '2 Parts', 'Duhok,Private', 5, 'Leather', 'مستعمل'),
(311, 48, 'ToyotaLand Cruiser2023', '[\"https://iqcarsgermany.azureedge.net/img/CarAttachments\\\\1723300576205.6758OutputFile_1723300559629_out.jpeg\", \"https://iqcarsgermany.azureedge.net/img/CarAttachments\\\\1723300577872.9668OutputFile_1723300559733_out.jpeg\", \"https://iqcarsgermany.azureedge.net/img/CarAttachments\\\\1723300581566.622OutputFile_1723300559790_out.jpeg\", \"https://iqcarsgermany.azureedge.net/img/CarAttachments\\\\1723300576205.6758OutputFile_1723300559629_out.jpeg\", \"https://iqcarsgermany.azureedge.net/img/CarAttachments\\\\1723300577872.9668OutputFile_1723300559733_out.jpeg\", \"https://iqcarsgermany.azureedge.net/img/CarAttachments\\\\1723300581566.622OutputFile_1723300559790_out.jpeg\"]', ' 4.0', '4863', 'Black', 'عادي', 4, 6, 49.00, 97.00, 61.00, 'GXR 4.0L Limited', 'No Paint', 'Sulaymaniyah,Private', 7, 'Leather', 'مستعمل'),
(312, 4, 'MitsubishiEclipse Cross2022', '[\"https://iqcarsgermany.azureedge.net/img/CarAttachments\\\\1723300997673.63431723300986938.jpg\", \"https://iqcarsgermany.azureedge.net/img/CarAttachments\\\\1723301000385.33151723300987841.jpg\", \"https://iqcarsgermany.azureedge.net/img/CarAttachments\\\\1723301004430.89871723300988779.jpg\", \"https://iqcarsgermany.azureedge.net/img/CarAttachments\\\\1723300997673.63431723300986938.jpg\", \"https://iqcarsgermany.azureedge.net/img/CarAttachments\\\\1723301000385.33151723300987841.jpg\", \"https://iqcarsgermany.azureedge.net/img/CarAttachments\\\\1723301004430.89871723300988779.jpg\"]', ' 1.5T', '4506', 'Black', 'عادي', 6, 5, 92.00, 89.00, 70.00, NULL, '1 Part', 'Erbil,Temporary', 5, 'Leather', 'مستعمل');
INSERT INTO `car` (`id`, `branch_id`, `title`, `images`, `engine`, `mileage`, `color`, `transmission`, `doors`, `seats`, `price_per_day`, `price_per_hour`, `price_per_month`, `trim`, `paint_parts`, `plate`, `seat_number`, `seat_material`, `condition`) VALUES
(313, 31, 'VolkswagenPassat2022', '[\"https://iqcarsgermany.azureedge.net/img/CarAttachments\\\\1723300703809.36331723300645045.jpg\", \"https://iqcarsgermany.azureedge.net/img/CarAttachments\\\\1723300706652.41921723300645883.jpg\", \"https://iqcarsgermany.azureedge.net/img/CarAttachments\\\\1723300710725.53121723300647137.jpg\", \"https://iqcarsgermany.azureedge.net/img/CarAttachments\\\\1723300703809.36331723300645045.jpg\", \"https://iqcarsgermany.azureedge.net/img/CarAttachments\\\\1723300706652.41921723300645883.jpg\", \"https://iqcarsgermany.azureedge.net/img/CarAttachments\\\\1723300710725.53121723300647137.jpg\"]', ' 2.0', '2266', 'Gray', 'عادي', 6, 6, 71.00, 46.00, 99.00, 'R-line', '1 Part', 'Erbil,Temporary', 5, 'Leather', 'مستعمل'),
(314, 38, 'JetourDashing2025', '[\"https://iqcarsgermany.azureedge.net/img/CarAttachments\\\\1723300348915.0561723300163416.jpg\", \"https://iqcarsgermany.azureedge.net/img/CarAttachments\\\\1723300183233.35131723300164370.jpg\", \"https://iqcarsgermany.azureedge.net/img/CarAttachments\\\\1723300183865.42651723300164461.jpg\", \"https://iqcarsgermany.azureedge.net/img/CarAttachments\\\\1723300348915.0561723300163416.jpg\", \"https://iqcarsgermany.azureedge.net/img/CarAttachments\\\\1723300183233.35131723300164370.jpg\", \"https://iqcarsgermany.azureedge.net/img/CarAttachments\\\\1723300183865.42651723300164461.jpg\"]', ' 1.6T', '3050', 'Cement', 'اوتوماتيك', 5, 4, 75.00, 71.00, 29.00, NULL, 'No Paint', 'Duhok,Temporary', 5, 'Leather', 'جديد'),
(315, 35, 'Land RoverRange Rover Sport2021', '[\"https://iqcarsgermany.azureedge.net/img/CarAttachments\\\\1723300477354.86771723300449512.jpg\", \"https://iqcarsgermany.azureedge.net/img/CarAttachments\\\\1723300480834.40971723300449646.jpg\", \"https://iqcarsgermany.azureedge.net/img/CarAttachments\\\\1723300484924.57321723300450010.jpg\", \"https://iqcarsgermany.azureedge.net/img/CarAttachments\\\\1723300477354.86771723300449512.jpg\", \"https://iqcarsgermany.azureedge.net/img/CarAttachments\\\\1723300480834.40971723300449646.jpg\", \"https://iqcarsgermany.azureedge.net/img/CarAttachments\\\\1723300484924.57321723300450010.jpg\"]', ' 3.0', '2772', 'Black', 'اوتوماتيك', 4, 4, 14.00, 63.00, 85.00, 'HSE', 'Clean Title', 'Duhok,Private', 5, 'Leather', 'مستعمل'),
(316, 11, 'ToyotaCamry2018', '[\"https://iqcarsgermany.azureedge.net/img/CarAttachments\\\\1723300232901.08251723072154143.jpg\", \"https://iqcarsgermany.azureedge.net/img/CarAttachments\\\\1723300233948.19431723072154335.jpg\", \"https://iqcarsgermany.azureedge.net/img/CarAttachments\\\\1723300236978.4281723072154419.JPG\", \"https://iqcarsgermany.azureedge.net/img/CarAttachments\\\\1723300232901.08251723072154143.jpg\", \"https://iqcarsgermany.azureedge.net/img/CarAttachments\\\\1723300233948.19431723072154335.jpg\", \"https://iqcarsgermany.azureedge.net/img/CarAttachments\\\\1723300236978.4281723072154419.JPG\"]', ' 2.5', '4490', 'Maroon', 'عادي', 6, 4, 45.00, 49.00, 11.00, 'SE', '1 PartSee Photos', 'Baghdad,Private', 5, 'Leather', 'مستعمل'),
(317, 56, 'NissanKicks2024', '[\"https://iqcarsgermany.azureedge.net/img/CarAttachments\\\\1723300055056.15771723300035152.jpg\", \"https://iqcarsgermany.azureedge.net/img/CarAttachments\\\\1723300058050.08521723300037577.jpg\", \"https://iqcarsgermany.azureedge.net/img/CarAttachments\\\\1723300062567.36081723300039501.jpg\", \"https://iqcarsgermany.azureedge.net/img/CarAttachments\\\\1723300055056.15771723300035152.jpg\", \"https://iqcarsgermany.azureedge.net/img/CarAttachments\\\\1723300058050.08521723300037577.jpg\", \"https://iqcarsgermany.azureedge.net/img/CarAttachments\\\\1723300062567.36081723300039501.jpg\"]', ' 1.6', '2997', 'White', 'اوتوماتيك', 5, 5, 80.00, 86.00, 92.00, NULL, 'No Paint', 'Erbil,Temporary', 5, 'Leather', 'جديد'),
(318, 15, 'JeepCompass2019', '[\"https://iqcarsgermany.azureedge.net/img/CarAttachments\\\\1723300255376.33251723299955376.JPG\", \"https://iqcarsgermany.azureedge.net/img/CarAttachments\\\\1723300270764.27611723299955416.JPG\", \"https://iqcarsgermany.azureedge.net/img/CarAttachments\\\\1723300125362.68241723299955537.JPG\", \"https://iqcarsgermany.azureedge.net/img/CarAttachments\\\\1723300255376.33251723299955376.JPG\", \"https://iqcarsgermany.azureedge.net/img/CarAttachments\\\\1723300270764.27611723299955416.JPG\", \"https://iqcarsgermany.azureedge.net/img/CarAttachments\\\\1723300125362.68241723299955537.JPG\"]', ' 2.4', '1296', 'White', 'عادي', 6, 4, 11.00, 39.00, 65.00, 'Latitude', '1 Part', 'Erbil,Private', 5, 'Leather', 'مستعمل'),
(319, 44, 'Land RoverRange Rover Vogue2020', '[\"https://iqcarsgermany.azureedge.net/img/CarAttachments\\\\1723299976619.39531723299959088.jpg\", \"https://iqcarsgermany.azureedge.net/img/CarAttachments\\\\1723299981595.2541723299959227.jpg\", \"https://iqcarsgermany.azureedge.net/img/CarAttachments\\\\1723299986584.0941723299960141.jpg\", \"https://iqcarsgermany.azureedge.net/img/CarAttachments\\\\1723299976619.39531723299959088.jpg\", \"https://iqcarsgermany.azureedge.net/img/CarAttachments\\\\1723299981595.2541723299959227.jpg\", \"https://iqcarsgermany.azureedge.net/img/CarAttachments\\\\1723299986584.0941723299960141.jpg\"]', ' 5.0', '2728', 'Black', 'عادي', 4, 6, 18.00, 65.00, 83.00, 'HSE P525', 'Clean Title', 'Duhok,Private', 5, 'Leather', 'مستعمل'),
(320, 58, 'BMW5-Series2021', '[\"https://iqcarsgermany.azureedge.net/img/CarAttachments\\\\1723299999678.2451723299974572.JPG\", \"https://iqcarsgermany.azureedge.net/img/CarAttachments\\\\1723300003393.36471723299974736.JPG\", \"https://iqcarsgermany.azureedge.net/img/CarAttachments\\\\1723300011659.5841723299975068.JPG\", \"https://iqcarsgermany.azureedge.net/img/CarAttachments\\\\1723299999678.2451723299974572.JPG\", \"https://iqcarsgermany.azureedge.net/img/CarAttachments\\\\1723300003393.36471723299974736.JPG\", \"https://iqcarsgermany.azureedge.net/img/CarAttachments\\\\1723300011659.5841723299975068.JPG\"]', ' 2.0', '4073', 'Cement', 'عادي', 5, 6, 30.00, 72.00, 79.00, '535i', 'Clean Title', 'Erbil,Private', 5, 'Leather', 'مستعمل'),
(321, 19, 'ToyotaLand Cruiser2013', '[\"https://iqcarsgermany.azureedge.net/img/CarAttachments\\\\1723299605583.2595OutputFile_1723299571110_out.jpeg\", \"https://iqcarsgermany.azureedge.net/img/CarAttachments\\\\1723299609881.172OutputFile_1723299571140_out.jpeg\", \"https://iqcarsgermany.azureedge.net/img/CarAttachments\\\\1723299621577.3855OutputFile_1723299571218_out.jpeg\", \"https://iqcarsgermany.azureedge.net/img/CarAttachments\\\\1723299605583.2595OutputFile_1723299571110_out.jpeg\", \"https://iqcarsgermany.azureedge.net/img/CarAttachments\\\\1723299609881.172OutputFile_1723299571140_out.jpeg\", \"https://iqcarsgermany.azureedge.net/img/CarAttachments\\\\1723299621577.3855OutputFile_1723299571218_out.jpeg\"]', ' 4.7', '1045', 'White', 'عادي', 6, 4, 81.00, 66.00, 80.00, 'GX.R', '3 Parts', 'Erbil,Private', 7, 'Leather', 'مستعمل'),
(322, 12, 'CadillacEscalade2022', '[\"https://iqcarsgermany.azureedge.net/img/CarAttachments\\\\1723299493201.46751723299475997.jpg\", \"https://iqcarsgermany.azureedge.net/img/CarAttachments\\\\1723299496255.24171723299476133.jpg\", \"https://iqcarsgermany.azureedge.net/img/CarAttachments\\\\1723299501296.7031723299476361.jpg\", \"https://iqcarsgermany.azureedge.net/img/CarAttachments\\\\1723299493201.46751723299475997.jpg\", \"https://iqcarsgermany.azureedge.net/img/CarAttachments\\\\1723299496255.24171723299476133.jpg\", \"https://iqcarsgermany.azureedge.net/img/CarAttachments\\\\1723299501296.7031723299476361.jpg\"]', ' 6.2', '3704', 'Black', 'عادي', 6, 4, 12.00, 79.00, 81.00, '600', 'Clean Title', 'Erbil,Temporary', 7, 'Leather', 'مستعمل'),
(323, 37, 'RenaultKoleos2018', '[\"https://iqcarsgermany.azureedge.net/img/CarAttachments\\\\1723299907864.13771723299895304.jpg\", \"https://iqcarsgermany.azureedge.net/img/CarAttachments\\\\1723299909230.84671723299895527.jpg\", \"https://iqcarsgermany.azureedge.net/img/CarAttachments\\\\1723299910628.93071723299895741.jpg\", \"https://iqcarsgermany.azureedge.net/img/CarAttachments\\\\1723299907864.13771723299895304.jpg\", \"https://iqcarsgermany.azureedge.net/img/CarAttachments\\\\1723299909230.84671723299895527.jpg\", \"https://iqcarsgermany.azureedge.net/img/CarAttachments\\\\1723299910628.93071723299895741.jpg\"]', ' 2.5', '4249', 'Gray', 'اوتوماتيك', 5, 4, 66.00, 80.00, 12.00, 'PE', 'Clean Title', 'Erbil,Private', 5, 'Leather', 'مستعمل'),
(324, 23, 'BuickEnclave2022', '[\"https://iqcarsgermany.azureedge.net/img/CarAttachments\\\\1723150828035.75951000030375_out.jpg\", \"https://iqcarsgermany.azureedge.net/img/CarAttachments\\\\1723150828482.7751000030381_out.jpg\", \"https://iqcarsgermany.azureedge.net/img/CarAttachments\\\\1723150832022.27561000030354_out.jpg\", \"https://iqcarsgermany.azureedge.net/img/CarAttachments\\\\1723150828035.75951000030375_out.jpg\", \"https://iqcarsgermany.azureedge.net/img/CarAttachments\\\\1723150828482.7751000030381_out.jpg\", \"https://iqcarsgermany.azureedge.net/img/CarAttachments\\\\1723150832022.27561000030354_out.jpg\"]', ' 3.6', '4453', 'Black', 'اوتوماتيك', 5, 5, 82.00, 92.00, 24.00, NULL, '1 PartSee Photos', 'Baghdad,Private', 7, 'Leather', 'مستعمل'),
(325, 50, 'CheryFulwin 22011', '[\"https://iqcarsgermany.azureedge.net/img/CarAttachments\\\\1723217486415.82151000003996_out.jpg\", \"https://iqcarsgermany.azureedge.net/img/CarAttachments\\\\1723215184183.25761000004000_out.jpg\", \"https://iqcarsgermany.azureedge.net/img/CarAttachments\\\\1723215185478.53081000004001_out.jpg\", \"https://iqcarsgermany.azureedge.net/img/CarAttachments\\\\1723217486415.82151000003996_out.jpg\", \"https://iqcarsgermany.azureedge.net/img/CarAttachments\\\\1723215184183.25761000004000_out.jpg\", \"https://iqcarsgermany.azureedge.net/img/CarAttachments\\\\1723215185478.53081000004001_out.jpg\"]', ' 1.5', '3838', 'White', 'اوتوماتيك', 5, 4, 16.00, 87.00, 17.00, NULL, 'No Paint', 'Baghdad,Private', 5, 'Leather', 'مستعمل'),
(326, 1, 'ToyotaCrown Kluger2023', '[\"https://iqcarsgermany.azureedge.net/img/CarAttachments\\\\1723300012490.88181723299518346.jpg\", \"https://iqcarsgermany.azureedge.net/img/CarAttachments\\\\1723300025322.97681723299532061.jpg\", \"https://iqcarsgermany.azureedge.net/img/CarAttachments\\\\1723299560528.06981723299532310.jpg\", \"https://iqcarsgermany.azureedge.net/img/CarAttachments\\\\1723300012490.88181723299518346.jpg\", \"https://iqcarsgermany.azureedge.net/img/CarAttachments\\\\1723300025322.97681723299532061.jpg\", \"https://iqcarsgermany.azureedge.net/img/CarAttachments\\\\1723299560528.06981723299532310.jpg\"]', ' 2.5T', '5614', 'Black', 'اوتوماتيك', 6, 4, 85.00, 95.00, 31.00, NULL, 'No Paint', 'Erbil,Temporary', 7, 'Leather', 'جديد');

-- --------------------------------------------------------

--
-- Table structure for table `card_details`
--

CREATE TABLE `card_details` (
  `id` int(11) NOT NULL,
  `card_number` varchar(19) CHARACTER SET utf8mb4 COLLATE utf8mb4_unicode_ci NOT NULL,
  `card_holder` text CHARACTER SET utf8mb4 COLLATE utf8mb4_unicode_ci NOT NULL,
  `expiry_date` date NOT NULL,
  `issuer` varchar(255) CHARACTER SET utf8mb4 COLLATE utf8mb4_unicode_ci DEFAULT NULL,
  `cvv` char(4) CHARACTER SET utf8mb4 COLLATE utf8mb4_unicode_ci NOT NULL,
  `booking_id` int(11) NOT NULL,
  `created_at` timestamp NULL DEFAULT current_timestamp(),
  `updated_at` timestamp NULL DEFAULT NULL ON UPDATE current_timestamp()
) ENGINE=InnoDB DEFAULT CHARSET=utf8mb4 COLLATE=utf8mb4_general_ci;

--
-- Dumping data for table `card_details`
--

INSERT INTO `card_details` (`id`, `card_number`, `card_holder`, `expiry_date`, `issuer`, `cvv`, `booking_id`, `created_at`, `updated_at`) VALUES
(1, '78888654346', 'ahmen ali', '2026-09-13', 'Unknown', '458', 86, '2024-08-13 19:47:06', '2024-08-13 19:47:06');

-- --------------------------------------------------------

--
-- Table structure for table `failed_jobs`
--

CREATE TABLE `failed_jobs` (
  `id` bigint(20) UNSIGNED NOT NULL,
  `uuid` varchar(255) NOT NULL,
  `connection` text NOT NULL,
  `queue` text NOT NULL,
  `payload` longtext NOT NULL,
  `exception` longtext NOT NULL,
  `failed_at` timestamp NOT NULL DEFAULT current_timestamp()
) ENGINE=InnoDB DEFAULT CHARSET=utf8mb4 COLLATE=utf8mb4_unicode_ci;

-- --------------------------------------------------------

--
-- Table structure for table `migrations`
--

CREATE TABLE `migrations` (
  `id` int(10) UNSIGNED NOT NULL,
  `migration` varchar(255) NOT NULL,
  `batch` int(11) NOT NULL
) ENGINE=InnoDB DEFAULT CHARSET=utf8mb4 COLLATE=utf8mb4_unicode_ci;

--
-- Dumping data for table `migrations`
--

INSERT INTO `migrations` (`id`, `migration`, `batch`) VALUES
(1, '2014_10_12_000000_create_users_table', 1),
(2, '2014_10_12_100000_create_password_resets_table', 1),
(3, '2019_08_19_000000_create_failed_jobs_table', 1),
(4, '2019_12_14_000001_create_personal_access_tokens_table', 1),
(5, '2016_01_04_173148_create_admin_tables', 2);

-- --------------------------------------------------------

--
-- Table structure for table `password_resets`
--

CREATE TABLE `password_resets` (
  `email` varchar(255) NOT NULL,
  `token` varchar(255) NOT NULL,
  `created_at` timestamp NULL DEFAULT NULL
) ENGINE=InnoDB DEFAULT CHARSET=utf8mb4 COLLATE=utf8mb4_unicode_ci;

-- --------------------------------------------------------

--
-- Table structure for table `personal_access_tokens`
--

CREATE TABLE `personal_access_tokens` (
  `id` bigint(20) UNSIGNED NOT NULL,
  `tokenable_type` varchar(255) NOT NULL,
  `tokenable_id` bigint(20) UNSIGNED NOT NULL,
  `name` varchar(255) NOT NULL,
  `token` varchar(64) NOT NULL,
  `abilities` text DEFAULT NULL,
  `last_used_at` timestamp NULL DEFAULT NULL,
  `expires_at` timestamp NULL DEFAULT NULL,
  `created_at` timestamp NULL DEFAULT NULL,
  `updated_at` timestamp NULL DEFAULT NULL
) ENGINE=InnoDB DEFAULT CHARSET=utf8mb4 COLLATE=utf8mb4_unicode_ci;

-- --------------------------------------------------------

--
-- Table structure for table `users`
--

CREATE TABLE `users` (
  `id` bigint(20) UNSIGNED NOT NULL,
  `name` varchar(255) NOT NULL,
  `email` varchar(255) NOT NULL,
  `email_verified_at` timestamp NULL DEFAULT NULL,
  `password` varchar(255) NOT NULL,
  `remember_token` varchar(100) DEFAULT NULL,
  `created_at` timestamp NULL DEFAULT NULL,
  `updated_at` timestamp NULL DEFAULT NULL
) ENGINE=InnoDB DEFAULT CHARSET=utf8mb4 COLLATE=utf8mb4_unicode_ci;

--
-- Indexes for dumped tables
--

--
-- Indexes for table `admin_menu`
--
ALTER TABLE `admin_menu`
  ADD PRIMARY KEY (`id`);

--
-- Indexes for table `admin_operation_log`
--
ALTER TABLE `admin_operation_log`
  ADD PRIMARY KEY (`id`),
  ADD KEY `admin_operation_log_user_id_index` (`user_id`);

--
-- Indexes for table `admin_permissions`
--
ALTER TABLE `admin_permissions`
  ADD PRIMARY KEY (`id`),
  ADD UNIQUE KEY `admin_permissions_name_unique` (`name`),
  ADD UNIQUE KEY `admin_permissions_slug_unique` (`slug`);

--
-- Indexes for table `admin_roles`
--
ALTER TABLE `admin_roles`
  ADD PRIMARY KEY (`id`),
  ADD UNIQUE KEY `admin_roles_name_unique` (`name`),
  ADD UNIQUE KEY `admin_roles_slug_unique` (`slug`);

--
-- Indexes for table `admin_role_menu`
--
ALTER TABLE `admin_role_menu`
  ADD KEY `admin_role_menu_role_id_menu_id_index` (`role_id`,`menu_id`);

--
-- Indexes for table `admin_role_permissions`
--
ALTER TABLE `admin_role_permissions`
  ADD KEY `admin_role_permissions_role_id_permission_id_index` (`role_id`,`permission_id`);

--
-- Indexes for table `admin_role_users`
--
ALTER TABLE `admin_role_users`
  ADD KEY `admin_role_users_role_id_user_id_index` (`role_id`,`user_id`);

--
-- Indexes for table `admin_users`
--
ALTER TABLE `admin_users`
  ADD PRIMARY KEY (`id`),
  ADD UNIQUE KEY `admin_users_username_unique` (`username`);

--
-- Indexes for table `admin_user_permissions`
--
ALTER TABLE `admin_user_permissions`
  ADD KEY `admin_user_permissions_user_id_permission_id_index` (`user_id`,`permission_id`);

--
-- Indexes for table `booking`
--
ALTER TABLE `booking`
  ADD PRIMARY KEY (`id`);

--
-- Indexes for table `branch`
--
ALTER TABLE `branch`
  ADD PRIMARY KEY (`id`);

--
-- Indexes for table `car`
--
ALTER TABLE `car`
  ADD PRIMARY KEY (`id`);

--
-- Indexes for table `card_details`
--
ALTER TABLE `card_details`
  ADD PRIMARY KEY (`id`),
  ADD KEY `fk_booking` (`booking_id`);

--
-- Indexes for table `failed_jobs`
--
ALTER TABLE `failed_jobs`
  ADD PRIMARY KEY (`id`),
  ADD UNIQUE KEY `failed_jobs_uuid_unique` (`uuid`);

--
-- Indexes for table `migrations`
--
ALTER TABLE `migrations`
  ADD PRIMARY KEY (`id`);

--
-- Indexes for table `password_resets`
--
ALTER TABLE `password_resets`
  ADD PRIMARY KEY (`email`);

--
-- Indexes for table `personal_access_tokens`
--
ALTER TABLE `personal_access_tokens`
  ADD PRIMARY KEY (`id`),
  ADD UNIQUE KEY `personal_access_tokens_token_unique` (`token`),
  ADD KEY `personal_access_tokens_tokenable_type_tokenable_id_index` (`tokenable_type`,`tokenable_id`);

--
-- Indexes for table `users`
--
ALTER TABLE `users`
  ADD PRIMARY KEY (`id`),
  ADD UNIQUE KEY `users_email_unique` (`email`);

--
-- AUTO_INCREMENT for dumped tables
--

--
-- AUTO_INCREMENT for table `admin_menu`
--
ALTER TABLE `admin_menu`
  MODIFY `id` int(10) UNSIGNED NOT NULL AUTO_INCREMENT, AUTO_INCREMENT=9;

--
-- AUTO_INCREMENT for table `admin_operation_log`
--
ALTER TABLE `admin_operation_log`
  MODIFY `id` int(10) UNSIGNED NOT NULL AUTO_INCREMENT, AUTO_INCREMENT=14;

--
-- AUTO_INCREMENT for table `admin_permissions`
--
ALTER TABLE `admin_permissions`
  MODIFY `id` int(10) UNSIGNED NOT NULL AUTO_INCREMENT, AUTO_INCREMENT=6;

--
-- AUTO_INCREMENT for table `admin_roles`
--
ALTER TABLE `admin_roles`
  MODIFY `id` int(10) UNSIGNED NOT NULL AUTO_INCREMENT, AUTO_INCREMENT=2;

--
-- AUTO_INCREMENT for table `admin_users`
--
ALTER TABLE `admin_users`
  MODIFY `id` int(10) UNSIGNED NOT NULL AUTO_INCREMENT, AUTO_INCREMENT=2;

--
-- AUTO_INCREMENT for table `booking`
--
ALTER TABLE `booking`
  MODIFY `id` int(11) NOT NULL AUTO_INCREMENT, AUTO_INCREMENT=87;

--
-- AUTO_INCREMENT for table `branch`
--
ALTER TABLE `branch`
  MODIFY `id` int(11) NOT NULL AUTO_INCREMENT, AUTO_INCREMENT=59;

--
-- AUTO_INCREMENT for table `car`
--
ALTER TABLE `car`
  MODIFY `id` int(11) NOT NULL AUTO_INCREMENT, AUTO_INCREMENT=327;

--
-- AUTO_INCREMENT for table `card_details`
--
ALTER TABLE `card_details`
  MODIFY `id` int(11) NOT NULL AUTO_INCREMENT, AUTO_INCREMENT=2;

--
-- AUTO_INCREMENT for table `failed_jobs`
--
ALTER TABLE `failed_jobs`
  MODIFY `id` bigint(20) UNSIGNED NOT NULL AUTO_INCREMENT;

--
-- AUTO_INCREMENT for table `migrations`
--
ALTER TABLE `migrations`
  MODIFY `id` int(10) UNSIGNED NOT NULL AUTO_INCREMENT, AUTO_INCREMENT=6;

--
-- AUTO_INCREMENT for table `personal_access_tokens`
--
ALTER TABLE `personal_access_tokens`
  MODIFY `id` bigint(20) UNSIGNED NOT NULL AUTO_INCREMENT;

--
-- AUTO_INCREMENT for table `users`
--
ALTER TABLE `users`
  MODIFY `id` bigint(20) UNSIGNED NOT NULL AUTO_INCREMENT;
COMMIT;

/*!40101 SET CHARACTER_SET_CLIENT=@OLD_CHARACTER_SET_CLIENT */;
/*!40101 SET CHARACTER_SET_RESULTS=@OLD_CHARACTER_SET_RESULTS */;
/*!40101 SET COLLATION_CONNECTION=@OLD_COLLATION_CONNECTION */;
